<?xml version="1.0" encoding="utf-8" standalone="yes" ?>
<Window size="1030,720" sizebox="4,4,4,4" caption="0,0,0,50" mininfo="1030,720" roundcorner="4,4">
    <Font name="微软雅黑" id="1" shared="true" size="12" bold="false" italic="false" default="true" />
	<Style name="game_btn" value="width=&quot;63&quot; height=&quot;24&quot; normalimage=&quot;file='toolbtn.png' source='0,0,63,24'&quot; hotimage=&quot;file='toolbtn.png' source='0,24,63,48'&quot; pushedimage=&quot;file='toolbtn.png' source='0,48,63,72'&quot;" />
	<Style name="game_big_btn" value="width=&quot;87&quot; height=&quot;24&quot; normalimage=&quot;file='toolbtn2.png' source='0,0,87,24'&quot; hotimage=&quot;file='toolbtn2.png' source='0,24,87,48'&quot; pushedimage=&quot;file='toolbtn2.png' source='0,48,87,72'&quot;" />
	
    <VerticalLayout enabled="true" float="false">   
        <VerticalLayout enabled="true" height="50" bkimage="file='topbar.png' corner='3,3,680,3'">
            <HorizontalLayout enabled="true" float="true" pos="0,0,0,0" floatalign="right,top" height="26" width="198" inset="0,1,2,0">
                <HorizontalLayout enabled="true" height="22" inset="0,0,0,0">
                    <Button cursor="hand" text="{u}{a}{c #F9FF9C}联系客服{/c}{/a}{/u}" enabled="true" showhtml="true" align="center" />
                </HorizontalLayout>
                <Button name="setBtn" enabled="true" width="35" height="26" textcolor="#FF000000" disabledtextcolor="#FFA7A6AA" align="center" normalimage="file='option.png' source='0,0,35,26'" hotimage="file='option.png' source='0,26,35,52'" pushedimage="file='option.png' source='0,52,35,76'" />
                <Button name="minbtn" enabled="true" width="35" height="26" textcolor="#FF000000" disabledtextcolor="#FFA7A6AA" align="center" normalimage="file='min.png' source='0,0,35,26'" hotimage="file='min.png' source='0,26,35,52'" pushedimage="file='min.png' source='0,52,35,76'" />
                <Button name="restorebtn" visible="false" enabled="true" width="35" height="26" textcolor="#FF000000" disabledtextcolor="#FFA7A6AA" align="center" normalimage="file='maxnomal.png' source='0,0,35,26'" hotimage="file='maxnomal.png' source='0,26,35,52'" pushedimage="file='maxnomal.png' source='0,52,35,76'" />
                <Button name="maxbtn" enabled="true" width="35" height="26" textcolor="#FF000000" disabledtextcolor="#FFA7A6AA" align="center" normalimage="file='max.png' source='0,0,35,26'" hotimage="file='max.png' source='0,26,35,52'" pushedimage="file='max.png' source='0,52,35,76'" />
                <Button name="closebtn" enabled="true" width="35" height="26" textcolor="#FF000000" disabledtextcolor="#FFA7A6AA" align="center" normalimage="file='close.png' source='0,0,35,26'" hotimage="file='close.png' source='0,26,35,52'" pushedimage="file='close.png' source='0,52,35,76'" />
            </HorizontalLayout>             
            <HorizontalLayout float="true" floatalign="left,bottom" name="nav_layout" inset="110,0,110,0" height="28" childpadding="2">
                <Option width="109" height="28" name="main_nav_item" align="left" text="游戏中心" textcolor="#FFD5EEFC" selectedtextcolor="#FF7C7D7E" textpadding="42,5,0,0" foreimage="file='firstfip.png' dest='12,7,28,23'" selectedimage="file='tab.png' source='0,0,109,28'" normalimage="file='tab.png' source='0,28,109,56'" group="quickbar" selected="true"/>  
            </HorizontalLayout>             
        </VerticalLayout>

        <VerticalLayout enabled="true" leftbordersize="1" rightbordersize="1" bordercolor="#FF1889CF" bkcolor="#FFFAFAFA" inset="1,0,1,0">
            <HorizontalLayout enabled="true" height="37" bkimage="shade.png" inset="108,8,0,0" childpadding="10">
            	<Button name="btn_refresh" foreimage="file='subbar.png' source='0,0,50,18' dest='6,3,56,21'" style="game_btn" />
            	<HorizontalLayout name="left_game_toolbar" width="219" childpadding="10" visible="false">
            		<Button name="btn_pay" foreimage="file='subbar.png' source='0,36,50,54' dest='6,3,56,21'" style="game_btn"/>
            		<Button name="btn_service" foreimage="file='subbar.png' source='0,54,50,72' dest='6,3,56,21'" style="game_btn"/>
            		<Button name="btn_gift" foreimage="file='subbar.png' source='0,72,50,90' dest='6,3,56,21'" style="game_btn"/>
            	</HorizontalLayout>
				
            	<Control name="home_toolbar" visible="true" float="true" pos="354,1,0,0" enabled="true" width="114" height="36" bkimage="file='first.png' source='0,72,114,108'" />
				
				<Control />
				<HorizontalLayout name="right_game_toolbar" width="429" childpadding="5" visible="false">
					<Button name="btn_fullscreen" foreimage="file='toolbar.png' source='0,0,50,17' dest='6,4,56,21'" style="game_btn" />
					<Button name="btn_fix" foreimage="file='toolbar.png' source='0,119,50,136' dest='6,4,56,21'" style="game_btn" />
					<Option name="btn_volume" foreimage="file='toolbar.png' source='0,34,50,51' dest='6,4,56,21'" style="game_btn" />
					<Button name="btn_shot" foreimage="file='toolbar.png' source='0,85,50,102' dest='6,4,56,21'" style="game_btn" />
					<Button name="btn_clock" foreimage="file='toolbar.png' source='0,102,50,119' dest='6,4,56,21'" style="game_btn" />
					<Button name="btn_desktop" foreimage="file='toolbar.png' source='0,68,71,85' dest='6,3,77,20'" style="game_big_btn" />
				</HorizontalLayout>
				
            </HorizontalLayout>

            <TabLayout name="tab_layout">
	            <HorizontalLayout name="main_content" enabled="true">
	                <WebBrowser name="ie_userbar" homepage="about:blank" width="230" clsid="{8856F961-340A-11D0-A96B-00C04FD705A2}" autonavi="true" delaycreate="false" />
	                <WebBrowser name="ie_content" homepage="about:blank" clsid="{8856F961-340A-11D0-A96B-00C04FD705A2}" autonavi="true" delaycreate="false" />
	            </HorizontalLayout>    

            </TabLayout>
        </VerticalLayout>
        
        <HorizontalLayout enabled="true" height="27" bkimage="file='bottom.png' corner='3,3,3,3'">
        	<HorizontalLayout inset="10,8,0,0">
        		<Text text="{c #87E5FF}版本：5.3.1.2{/c}" showhtml="true"/>
        	</HorizontalLayout>
        	<HorizontalLayout enabled="true" />
        	<HorizontalLayout width="125" inset="0,4,0,0">
        		<Button enabled="true" width="110" height="19" normalimage="file='boss.png' source='0,0,110,19'" hotimage="file='boss.png' source='0,19,110,38'" pushedimage="file='boss.png' source='0,38,110,57'" />
        	</HorizontalLayout>
        	<HorizontalLayout width="10" inset="0,17,0,0">
        		<Container enabled="true" width="8" height="8" bkimage="rightbottom.png" />
        	</HorizontalLayout>
        </HorizontalLayout> 
        <Container float="true" pos="27,6,0,0" enabled="true" width="62" height="62" bkimage="logo.png" />

    </VerticalLayout>
</Window>
