<?xml version="1.0" encoding="utf-8"?>
<Window showshadow="true" shadowimage="shadow.png" shadowcorner="23,13,23,33">
<Font name="微软雅黑" size="12" bold="false" default="true" />
<Font name="微软雅黑" size="12" bold="true"/>
<!-- Menu标签的属性要通过Default来定义，为了让下级菜单也能拥有同样的外观 -->
<Default name="Menu" value="bordersize=&quot;1&quot; borderround=&quot;2,2&quot; bordercolor=&quot;0x303132&quot; inset=&quot;2,2,2,2&quot; itemtextpadding=&quot;30,0,0,0&quot; bkimage=&quot;file='menu_bk.png' corner='26,2,2,2' source='6,6,44,24'&quot; itemselectedbkcolor=&quot;0xFF338ACA&quot;" />
<!-- ExplandIcon属性定义了下级菜单的小图标的样子 -->
<Default name="ExplandIcon" value="menu_expand.png" />
<Menu > 
  <MenuElement name="menu_openwin" text="显示窗口" height="27" width="80"/>
  <MenuElement name="menu_website" text="访问官网" height="27"/>
  <MenuElement name="menu_service" text="联系客服" height="27" />
  <MenuElement name="menu_quit" text="退出" height="27" />
</Menu>

</Window>