<?xml version="1.0" encoding="utf-8" standalone="yes" ?>
<Window size="340,200" caption="0,0,0,32" roundcorner="4,4">
	<Font name="微软雅黑" id="1" shared="true" size="12" bold="false" italic="false" default="true" />
	<VerticalLayout>
		<HorizontalLayout bkimage="file='message.png' source='0,0,20,32' corner='3,3,3,3'" height="32">
			<Control bkimage="file='titlebar.png' source='0,0,90,18'" width="90" height="18" padding="5,7,0,0" />
			<Control />
			<Button name="closebtn" padding="0,1,1,0" width="30" height="30" normalimage="file='closem.png' source='0,0,30,30'" hotimage="file='closem.png' source='0,30,30,60'" pushedimage="file='closem.png' source='0,60,30,90'"></Button>
		</HorizontalLayout>
		<VerticalLayout bkcolor="#FFFAFAFA" foreimage="file='box2.png' corner='3,0,3,3'" inset="2,0,2,2">
			<VerticalLayout inset="40,14,0,0" childpadding="6" height="70">
				<Label height="14" textcolor="#FF3A3F36" text="点击关闭按钮：" />
				<Option height="14" text="直接退出" textcolor="#FF3A3F36" align="left" textpadding="22,0,0,0" normalimage="file='check_new.png' source='0,0,24,14' corner='15,0,0,0'" selectedimage="file='check_new.png' source='0,28,24,42' corner='15,0,0,0'" group="RadioBoxTest" />
				<Option height="14" text="最小化到托盘" textcolor="#FF3A3F36" align="left" textpadding="22,0,0,0" normalimage="file='check_new.png' source='0,0,24,14' corner='15,0,0,0'" selectedimage="file='check_new.png' source='0,28,14,42' corner='15,0,0,0'" selected="true" width="100" group="RadioBoxTest" />
			</VerticalLayout>
			
			<Control height="1" bkcolor="#FFE0E7EA" padding="10,8,10,8" />
			
			<VerticalLayout inset="40,0,0,0" childpadding="6" height="34">
				<Label height="14" textcolor="#FF3A3F36" text="启动设置：" />
				<Option height="14" text="开机自动启动客户端" textcolor="#FF3A3F36" align="left" textpadding="22,0,0,0" normalimage="file='check_new.png' source='0,0,24,14' corner='15,0,0,0'" selectedimage="file='check_new.png' source='0,28,24,42' corner='15,0,0,0'" />
			</VerticalLayout>     

			<HorizontalLayout inset="140,12,0,0" childpadding="20">
				<Button name="confirm_btn" text="确定" width="68" height="26" normalimage="file='btn.png' source='0,0,68,26'" hotimage="file='btn.png' source='0,26,68,52'" pushedimage="file='btn.png' source='0,52,68,78'" />
        <Button name="cancel_btn" text="取消" width="68" height="26" normalimage="file='btn.png' source='0,0,68,26'" hotimage="file='btn.png' source='0,26,68,52'" pushedimage="file='btn.png' source='0,52,68,78'" />				
			</HorizontalLayout>
		   
		</VerticalLayout>
	</VerticalLayout>
</Window>