<?xml version="1.0" encoding="utf-8" standalone="yes" ?>
<Window size="540,540" caption="0,0,0,32" roundcorner="4,4">
	<VerticalLayout>
		<!-- header -->
		<HorizontalLayout bkimage="file='message.png' source='0,0,20,32' corner='3,3,3,3'" height="32">
			<Control bkimage="file='titlebar.png' source='0,18,90,36'" width="90" height="18" padding="5,7,0,0" />
			<Control />
			<Button name="closebtn" padding="0,1,1,0" width="30" height="30" normalimage="file='closem.png' source='0,0,30,30'" hotimage="file='closem.png' source='0,30,30,60'" pushedimage="file='closem.png' source='0,60,30,90'"></Button>
		</HorizontalLayout>
		<HorizontalLayout bkimage="file='box2.png' corner='3,0,3,3'" inset="2,0,2,2">
            <WebBrowser name="ie_sign" homepage="about:blank" clsid="{8856F961-340A-11D0-A96B-00C04FD705A2}" autonavi="true" delaycreate="false" />
		</HorizontalLayout>
	</VerticalLayout>
	
</Window>