<?xml version="1.0" encoding="utf-8"?>
<Window sizebox="4,4,6,6" roundcorner="5,5" caption="0,0,0,90" mininfo="990,690">
  <Font name="宋体" size="12" default="true"/>
  <Font name="宋体" size="12" bold="true" />
  <Font name="宋体" size="13" bold="true" />
  <Font name="宋体" size="14" bold="true" />
  <Font name="宋体" size="22" bold="true" italic="true"/>
  <Font name="宋体" size="12" />
  <Default name="VScrollBar" value="button1normalimage=&quot;file='scrollbar.bmp' source='0,90,16,106' mask='#FFFF00FF'&quot; button1hotimage=&quot;file='scrollbar.bmp' source='18,90,34,106' mask='#FFFF00FF'&quot; button1pushedimage=&quot;file='scrollbar.bmp' source='36,90,52,106' mask='#FFFF00FF'&quot; button1disabledimage=&quot;file='scrollbar.bmp' source='54,90,70,106' mask='#FFFF00FF'&quot; button2normalimage=&quot;file='scrollbar.bmp' source='0,108,16,124' mask='#FFFF00FF'&quot; button2hotimage=&quot;file='scrollbar.bmp' source='18,108,34,124' mask='#FFFF00FF'&quot; button2pushedimage=&quot;file='scrollbar.bmp' source='36,108,52,124' mask='#FFFF00FF'&quot; button2disabledimage=&quot;file='scrollbar.bmp' source='54,108,70,124' mask='#FFFF00FF'&quot; thumbnormalimage=&quot;file='scrollbar.bmp' source='0,126,16,142' corner='2,2,2,2' mask='#FFFF00FF'&quot; thumbhotimage=&quot;file='scrollbar.bmp' source='18,126,34,142' corner='2,2,2,2' mask='#FFFF00FF'&quot; thumbpushedimage=&quot;file='scrollbar.bmp' source='36,126,52,142' corner='2,2,2,2' mask='#FFFF00FF'&quot; thumbdisabledimage=&quot;file='scrollbar.bmp' source='54,126,70,142' corner='2,2,2,2' mask='#FFFF00FF'&quot; railnormalimage=&quot;file='scrollbar.bmp' source='0,144,16,160' corner='2,2,2,2' mask='#FFFF00FF'&quot; railhotimage=&quot;file='scrollbar.bmp' source='18,144,34,160' corner='2,2,2,2' mask='#FFFF00FF'&quot; railpushedimage=&quot;file='scrollbar.bmp' source='36,144,52,160' corner='2,2,2,2' mask='#FFFF00FF'&quot; raildisabledimage=&quot;file='scrollbar.bmp' source='54,144,70,160' corner='2,2,2,2' mask='#FFFF00FF'&quot; bknormalimage=&quot;file='scrollbar.bmp' source='0,162,16,178' corner='2,2,2,2' mask='#FFFF00FF'&quot; bkhotimage=&quot;file='scrollbar.bmp' source='18,162,34,178' corner='2,2,2,2' mask='#FFFF00FF'&quot; bkpushedimage=&quot;file='scrollbar.bmp' source='36,162,52,178' corner='2,2,2,2' mask='#FFFF00FF'&quot; bkdisabledimage=&quot;file='scrollbar.bmp' source='54,162,70,178' corner='2,2,2,2' mask='#FFFF00FF'&quot; " />
  <Default name="HScrollBar" value="button1normalimage=&quot;file='scrollbar.bmp' source='0,0,16,16' mask='#FFFF00FF'&quot; button1hotimage=&quot;file='scrollbar.bmp' source='18,0,34,16' mask='#FFFF00FF'&quot; button1pushedimage=&quot;file='scrollbar.bmp' source='36,0,52,16' mask='#FFFF00FF'&quot; button1disabledimage=&quot;file='scrollbar.bmp' source='54,0,70,16' mask='#FFFF00FF'&quot; button2normalimage=&quot;file='scrollbar.bmp' source='0,18,16,34' mask='#FFFF00FF'&quot; button2hotimage=&quot;file='scrollbar.bmp' source='18,18,34,34' mask='#FFFF00FF'&quot; button2pushedimage=&quot;file='scrollbar.bmp' source='36,18,52,34' mask='#FFFF00FF'&quot; button2disabledimage=&quot;file='scrollbar.bmp' source='54,18,70,34' mask='#FFFF00FF'&quot; thumbnormalimage=&quot;file='scrollbar.bmp' source='0,36,16,52' corner='2,2,2,2' mask='#FFFF00FF'&quot; thumbhotimage=&quot;file='scrollbar.bmp' source='18,36,34,52' corner='2,2,2,2' mask='#FFFF00FF'&quot; thumbpushedimage=&quot;file='scrollbar.bmp' source='36,36,52,52' corner='2,2,2,2' mask='#FFFF00FF'&quot; thumbdisabledimage=&quot;file='scrollbar.bmp' source='54,36,70,52' corner='2,2,2,2' mask='#FFFF00FF'&quot; railnormalimage=&quot;file='scrollbar.bmp' source='0,54,16,70' corner='2,2,2,2' mask='#FFFF00FF'&quot; railhotimage=&quot;file='scrollbar.bmp' source='18,54,34,70' corner='2,2,2,2' mask='#FFFF00FF'&quot; railpushedimage=&quot;file='scrollbar.bmp' source='36,54,52,70' corner='2,2,2,2' mask='#FFFF00FF'&quot; raildisabledimage=&quot;file='scrollbar.bmp' source='54,54,70,70' corner='2,2,2,2' mask='#FFFF00FF'&quot; bknormalimage=&quot;file='scrollbar.bmp' source='0,72,16,88' corner='2,2,2,2' mask='#FFFF00FF'&quot; bkhotimage=&quot;file='scrollbar.bmp' source='18,72,34,88' corner='2,2,2,2' mask='#FFFF00FF'&quot; bkpushedimage=&quot;file='scrollbar.bmp' source='36,72,52,88' corner='2,2,2,2' mask='#FFFF00FF'&quot; bkdisabledimage=&quot;file='scrollbar.bmp' source='54,72,70,88' corner='2,2,2,2' mask='#FFFF00FF'&quot; " />
  <!--<Default name="Button" value="normalimage=&quot;file='button_nor.png' fade='200'&quot; hotimage=&quot;file='button_hover.png' fade='200'&quot; pushedimage=&quot;file='button_pushed.png' fade='200'&quot; " />-->
  
  <VerticalLayout bkimage="file='mainwnd/mainbg.png' corner='2,2,2,2'" inset="1,1,1,1" bordercolor="#EE768D9B" bordersize="1" borderround="5,5" >
    <HorizontalLayout name="sysbar" height="40">
      <HorizontalLayout name="userbar" width="170" inset="78,10">
        <Button name="login_btn" width="78" height="16" font="1" text="请先登录" textstyle="top,left" textcolor="#FFFFFFFF"/>
      </HorizontalLayout>

      <HorizontalLayout name="main_tabbar" inset="0,10" childpadding="-20">
        <Option name="maintab" selected="true" group="main_tabbar" width="150" height="32" text="我的游戏" textpadding="22,0,0,0" normalimage="file='mainwnd/main_wnd_tab_item.png' source='0,0,43,32' corner='20,0,20,0'" hotimage="file='mainwnd/main_wnd_tab_item.png' source='43,0,86,32' corner='20,0,20,0'" pushedimage="file='mainwnd/main_wnd_tab_item.png' source='86,0,129,32' corner='20,0,20,0'" selectedimage="file='mainwnd/main_wnd_tab_item.png' source='86,0,129,32' corner='20,0,20,0'"/>
        <Option name="game_1" group="main_tabbar" width="150" height="32" text="女神联盟" textpadding="22,0,0,0" normalimage="file='mainwnd/main_wnd_tab_item.png' source='0,0,43,32' corner='20,0,20,0'" hotimage="file='mainwnd/main_wnd_tab_item.png' source='43,0,86,32' corner='20,0,20,0'" pushedimage="file='mainwnd/main_wnd_tab_item.png' source='86,0,129,32' corner='20,0,20,0'" selectedimage="file='mainwnd/main_wnd_tab_item.png' source='86,0,129,32' corner='20,0,20,0'"/>
      </HorizontalLayout>

      <HorizontalLayout name="sysbtn" width="126" inset="0,0,0,0">
        <Button name="menubtn" maxwidth="26" maxheight="17" normalimage="file='sys_dlg_menu.png' source='52,0,78,17'" hotimage="file='sys_dlg_menu.png' source='26,0,52,17'" pushedimage="file='sys_dlg_menu.png' source='0,0,26,17'"/>
        <Button name="minbtn" maxwidth="26" maxheight="17" normalimage="file='sys_dlg_min.png' source='52,0,78,17'" hotimage="file='sys_dlg_min.png' source='26,0,52,17'" pushedimage="file='sys_dlg_min.png' source='0,0,26,17'"/>
        <Button name="maxbtn" maxwidth="26" maxheight="17" normalimage="file='sys_dlg_max.png' source='52,0,78,17'" hotimage="file='sys_dlg_max.png' source='26,0,52,18'" pushedimage="file='sys_dlg_max.png' source='0,0,26,17'"/>
        <Button name="restorebtn" visible="false" maxwidth="26" maxheight="17" normalimage="file='sys_dlg_restore.png' source='52,0,78,17'" hotimage="file='sys_dlg_restore.png' source='26,0,52,17'" pushedimage="file='sys_dlg_restore.png' source='0,0,26,17'" />
        <Button name="closebtn" maxwidth="45" maxheight="17" normalimage="file='sys_dlg_close.png' source='90,0,135,17'" hotimage="file='sys_dlg_close.png' source='45,0,90,17'" pushedimage="file='sys_dlg_close.png' source='0,0,45,17'"/>
      </HorizontalLayout>
    </HorizontalLayout>

    <TabLayout name="toolbar" height="42" bkimage="file='toolbar/toolbar.bkg.png' corner='2,0,2,0'">
      <HorizontalLayout name="toolbar_main" visible="true" inset="78,0,0,0" >
        <Button name="toolbar_main_gift" width="26" height="26" padding="0,8,0,8" bkimage="file='userinfo/market.png' source='0,0,26,26'"/>
        <Label name="toolbar_main_title" width="220" text="积分0"/>
        
        <Control width="1" height="30" padding="0,8,0,8" bkimage="file='toolbar/splitterV.png' corner='0,2,0,2'"/>
        <Option name="gamehome" group="toolbar_main" userdata="main_web_home" selected="true" text="游戏首页" width="100" textpadding="22,0,0,0" normalimage="file='mainwnd/mainwnd.righttab.icon.home.png' source='0,0,16,16' dest='12,13,28,29'" hotimage="file='mainwnd/mainwnd.righttab.icon.home.png' source='17,0,33,16' dest='12,13,28,29'" pushedimage="file='mainwnd/mainwnd.righttab.icon.home.png' source='34,0,50,16' dest='12,13,28,29'" selectedimage="file='mainwnd/mainwnd.righttab.icon.home.png' source='34,0,50,16' dest='12,13,28,29'"/>
        <Control width="1" height="30" padding="0,8,0,8" bkimage="file='toolbar/splitterV.png' corner='0,2,0,2'"/>
        <Option name="gamesearch" group="toolbar_main" userdata="main_web_search" text="寻找游戏" width="100" textpadding="22,0,0,0" normalimage="file='mainwnd/mainwnd.righttab.icon.searchgame.png' source='0,0,16,16' dest='12,13,28,29'" hotimage="file='mainwnd/mainwnd.righttab.icon.searchgame.png' source='17,0,33,16' dest='12,13,28,29'" pushedimage="file='mainwnd/mainwnd.righttab.icon.searchgame.png' source='34,0,50,16' dest='12,13,28,29'" selectedimage="file='mainwnd/mainwnd.righttab.icon.searchgame.png' source='34,0,50,16' dest='12,13,28,29'"/>
        <Control width="1" height="30" padding="0,8,0,8" bkimage="file='toolbar/splitterV.png' corner='0,2,0,2'"/>
        <Option name="gamephone" group="toolbar_main" userdata="main_web_phone" text="手机游戏" width="100" textpadding="22,0,0,0" normalimage="file='mainwnd/mainwnd.righttab.icon.tiaozhan.png' source='0,0,16,16' dest='12,13,28,29'" hotimage="file='mainwnd/mainwnd.righttab.icon.tiaozhan.png' source='17,0,33,16' dest='12,13,28,29'" pushedimage="file='mainwnd/mainwnd.righttab.icon.tiaozhan.png' source='34,0,50,16' dest='12,13,28,29'" selectedimage="file='mainwnd/mainwnd.righttab.icon.tiaozhan.png' source='34,0,50,16' dest='12,13,28,29'"/>
        <Control width="1" height="30" padding="0,8,0,8" bkimage="file='toolbar/splitterV.png' corner='0,2,0,2'"/>

      </HorizontalLayout>

      <HorizontalLayout name="toolbar_game">
          
      </HorizontalLayout>
    </TabLayout>
    
    <Control height="2" bkcolor="#FF8E8E8E"/>

    <TabLayout name="body_tablayout" inset="0,0,2,0">
      <HorizontalLayout name="body_main" visible="true">
        <VerticalLayout name="body_main_left" width="322">
          
        </VerticalLayout>

        <TabLayout name="body_main_tablayout">
          <WebBrowser name="main_web_home" homepage="http://v2.boxpage.niu.xunlei.com/v3/index.html?timestamp=1399907545" autonavi="true"/>
          <WebBrowser name="main_web_search" homepage="http://v2.boxpage.niu.xunlei.com/v3/all.html?timestamp=1399943857" autonavi="true"/>
          <WebBrowser name="main_web_phone" homepage="http://niu.xunlei.com/mobilegame.html?type=gamebox&timestamp=1399943950" autonavi="true"/>
        </TabLayout>
      </HorizontalLayout>
    </TabLayout>

    <Button name="header_btn" float="true" pos="15,15,69,69" foreimage="file='headimage/head_default.png' source='0,0,46,46' dest='4,4,50,50'" normalimage="file='headimage/head_bkg.png' source='0,0,54,54'" hotimage="file='headimage/head_bkg.png' source='55,0,109,54'" pushedimage="file='headimage/head_bkg.png' source='110,0,164,54'"/>
    <HorizontalLayout height="21" bkimage="file='toolbar/toolbar.bkg.png' corner='2,0,2,0'">
      
    </HorizontalLayout>
  </VerticalLayout>
</Window>