﻿<?xml version="1.0" encoding="utf-8"?>
<Window size="800,572" sizebox="4,4,6,6" roundcorner="0,0" caption="0,0,0,64" layered="false" mininfo="400,300" showshadow="true" shadowimage="main/shadow.png" shadowsize="6" shadowcorner="8,8,8,8">
  <Font shared="true" id="0" name="宋体" size="13" default="true"/>
  <Font shared="true" id="1" name="宋体" size="12" bold="false" underline="true"/>
  <Font shared="true" id="2" name="宋体" size="16" bold="false"/>
  <Font shared="true" id="3" name="宋体" size="18" bold="false"/>
  
  <!--<Default name="VScrollBar" shared="true" value="button1normalimage=&quot;file='scrollbar.bmp' source='0,90,16,106' mask='#FFFF00FF'&quot; button1hotimage=&quot;file='scrollbar.bmp' source='18,90,34,106' mask='#FFFF00FF'&quot; button1pushedimage=&quot;file='scrollbar.bmp' source='36,90,52,106' mask='#FFFF00FF'&quot; button1disabledimage=&quot;file='scrollbar.bmp' source='54,90,70,106' mask='#FFFF00FF'&quot; button2normalimage=&quot;file='scrollbar.bmp' source='0,108,16,124' mask='#FFFF00FF'&quot; button2hotimage=&quot;file='scrollbar.bmp' source='18,108,34,124' mask='#FFFF00FF'&quot; button2pushedimage=&quot;file='scrollbar.bmp' source='36,108,52,124' mask='#FFFF00FF'&quot; button2disabledimage=&quot;file='scrollbar.bmp' source='54,108,70,124' mask='#FFFF00FF'&quot; thumbnormalimage=&quot;file='scrollbar.bmp' source='0,126,16,142' corner='2,2,2,2' mask='#FFFF00FF'&quot; thumbhotimage=&quot;file='scrollbar.bmp' source='18,126,34,142' corner='2,2,2,2' mask='#FFFF00FF'&quot; thumbpushedimage=&quot;file='scrollbar.bmp' source='36,126,52,142' corner='2,2,2,2' mask='#FFFF00FF'&quot; thumbdisabledimage=&quot;file='scrollbar.bmp' source='54,126,70,142' corner='2,2,2,2' mask='#FFFF00FF'&quot; railnormalimage=&quot;file='scrollbar.bmp' source='0,144,16,160' corner='2,2,2,2' mask='#FFFF00FF'&quot; railhotimage=&quot;file='scrollbar.bmp' source='18,144,34,160' corner='2,2,2,2' mask='#FFFF00FF'&quot; railpushedimage=&quot;file='scrollbar.bmp' source='36,144,52,160' corner='2,2,2,2' mask='#FFFF00FF'&quot; raildisabledimage=&quot;file='scrollbar.bmp' source='54,144,70,160' corner='2,2,2,2' mask='#FFFF00FF'&quot; bknormalimage=&quot;file='scrollbar.bmp' source='0,162,16,178' corner='2,2,2,2' mask='#FFFF00FF'&quot; bkhotimage=&quot;file='scrollbar.bmp' source='18,162,34,178' corner='2,2,2,2' mask='#FFFF00FF'&quot; bkpushedimage=&quot;file='scrollbar.bmp' source='36,162,52,178' corner='2,2,2,2' mask='#FFFF00FF'&quot; bkdisabledimage=&quot;file='scrollbar.bmp' source='54,162,70,178' corner='2,2,2,2' mask='#FFFF00FF'&quot; " />
  <Default name="HScrollBar" shared="true" value="button1normalimage=&quot;file='scrollbar.bmp' source='0,0,16,16' mask='#FFFF00FF'&quot; button1hotimage=&quot;file='scrollbar.bmp' source='18,0,34,16' mask='#FFFF00FF'&quot; button1pushedimage=&quot;file='scrollbar.bmp' source='36,0,52,16' mask='#FFFF00FF'&quot; button1disabledimage=&quot;file='scrollbar.bmp' source='54,0,70,16' mask='#FFFF00FF'&quot; button2normalimage=&quot;file='scrollbar.bmp' source='0,18,16,34' mask='#FFFF00FF'&quot; button2hotimage=&quot;file='scrollbar.bmp' source='18,18,34,34' mask='#FFFF00FF'&quot; button2pushedimage=&quot;file='scrollbar.bmp' source='36,18,52,34' mask='#FFFF00FF'&quot; button2disabledimage=&quot;file='scrollbar.bmp' source='54,18,70,34' mask='#FFFF00FF'&quot; thumbnormalimage=&quot;file='scrollbar.bmp' source='0,36,16,52' corner='2,2,2,2' mask='#FFFF00FF'&quot; thumbhotimage=&quot;file='scrollbar.bmp' source='18,36,34,52' corner='2,2,2,2' mask='#FFFF00FF'&quot; thumbpushedimage=&quot;file='scrollbar.bmp' source='36,36,52,52' corner='2,2,2,2' mask='#FFFF00FF'&quot; thumbdisabledimage=&quot;file='scrollbar.bmp' source='54,36,70,52' corner='2,2,2,2' mask='#FFFF00FF'&quot; railnormalimage=&quot;file='scrollbar.bmp' source='0,54,16,70' corner='2,2,2,2' mask='#FFFF00FF'&quot; railhotimage=&quot;file='scrollbar.bmp' source='18,54,34,70' corner='2,2,2,2' mask='#FFFF00FF'&quot; railpushedimage=&quot;file='scrollbar.bmp' source='36,54,52,70' corner='2,2,2,2' mask='#FFFF00FF'&quot; raildisabledimage=&quot;file='scrollbar.bmp' source='54,54,70,70' corner='2,2,2,2' mask='#FFFF00FF'&quot; bknormalimage=&quot;file='scrollbar.bmp' source='0,72,16,88' corner='2,2,2,2' mask='#FFFF00FF'&quot; bkhotimage=&quot;file='scrollbar.bmp' source='18,72,34,88' corner='2,2,2,2' mask='#FFFF00FF'&quot; bkpushedimage=&quot;file='scrollbar.bmp' source='36,72,52,88' corner='2,2,2,2' mask='#FFFF00FF'&quot; bkdisabledimage=&quot;file='scrollbar.bmp' source='54,72,70,88' corner='2,2,2,2' mask='#FFFF00FF'&quot; " />-->
  <Default name="VScrollBar" shared="true" value="width=&quot;8&quot; showbutton1=&quot;false&quot; showbutton2=&quot;false&quot; thumbnormalimage=&quot;file='common/vscrollbar.png' source='0,60,8,100' corner='0,4,0,4'&quot; thumbhotimage=&quot;file='common/vscrollbar.png' source='8,60,16,100' corner='0,4,0,4'&quot; thumbpushedimage=&quot;file='common/vscrollbar.png' source='16,60,24,100' corner='0,4,0,4'&quot; railnormalimage=&quot;&quot; railhotimage=&quot;&quot; railpushedimage=&quot;&quot; raildisabledimage=&quot;&quot; bknormalimage=&quot;file='common/vscrollbar.png' source='0,0,8,60' corner='0,4,0,4'&quot; bkhotimage=&quot;&quot; bkpushedimage=&quot;&quot; bkdisabledimage=&quot;&quot; "/>
  <Default name="HScrollBar" shared="true" value="height=&quot;8&quot; showbutton1=&quot;false&quot; showbutton2=&quot;false&quot; thumbnormalimage=&quot;file='common/hscrollbar.png' source='0,0,32,8' corner='4,0,4,0'&quot; thumbhotimage=&quot;file='common/hscrollbar.png' source='0,8,32,16' corner='4,0,4,0'&quot; thumbpushedimage=&quot;file='common/hscrollbar.png' source='0,16,32,24' corner='4,0,4,0'&quot; railnormalimage=&quot;&quot; railhotimage=&quot;&quot; railpushedimage=&quot;&quot; raildisabledimage=&quot;&quot; bknormalimage=&quot;file='common/hscrollbar.png' source='0,0,32,8' corner='4,0,4,0'&quot; bkhotimage=&quot;&quot; bkpushedimage=&quot;&quot; bkdisabledimage=&quot;&quot; "/>

  <Style name="main_tab" value="textcolor=&quot;#FF386382&quot; font=&quot;2&quot; normalimage=&quot;tabbar_normal.png&quot; hotimage=&quot;tabbar_hover.png&quot; pushedimage=&quot;tabbar_pushed.png&quot; selectedimage=&quot;tabbar_pushed.png&quot; group=&quot;tab_header&quot; " />
  <Style name="colortab_style" shared="true" value="textcolor=&quot;#FFAFADAD&quot; hottextcolor=&quot;#FFFFFFFF&quot; selectedtextcolor=&quot;#FFFFFFFF&quot; textpadding=&quot;6,0,6,0&quot; bkcolor=&quot;#FF2c2c2c&quot; hotbkcolor=&quot;#FF4b4b4b&quot; pushedbkcolor=&quot;#FF424242&quot; selectedbkcolor=&quot;#FF424242&quot; group=&quot;tab_header&quot;"  />
  <Style name="combo_style" value="height=&quot;28&quot; textcolor=&quot;#FFFFFFFF&quot; textpadding=&quot;4,1,28,1&quot; normalimage=&quot;res='common/combo.png' source='0,0,161,28' corner='2,2,28,2'&quot; hotimage=&quot;res='common/combo.png' source='0,28,161,56' corner='2,2,28,2'&quot; pushedimage=&quot;res='common/combo.png' source='0,56,161,84' corner='2,2,28,2'&quot;" />
  <Style name="list_style" value="headerbkimage=&quot;res='common/list_header_bg.png'&quot; itemalign=&quot;center&quot; itemlinecolor=&quot;#FF888888&quot; itemshowrowline=&quot;true&quot; itemshowcolumnline=&quot;true&quot;" />
  <Style name="edit_style" value="textpadding=&quot;6,6,6,6&quot; bkcolor=&quot;#FF666666&quot; nativebkcolor=&quot;#FF666666&quot; bkimage=&quot;res='common/edit_bk.png' corner='6,6,6,6'&quot;" />
  <Style name="btn_style" value="drag=&quot;true&quot; textpadding=&quot;6,0,6,0&quot; normalimage=&quot;res='common/button_normal.png' corner='4,4,4,4'&quot; hotimage=&quot;res='common/button_hover.png' corner='4,4,4,4'&quot; pushedimage=&quot;res='common/button_pushed.png' corner='4,4,4,4'&quot; selectedimage=&quot;res='common/button_pushed.png' corner='4,4,4,4'&quot;"  />
  <Style name="treenode_folder_style" value="padding=&quot;0,1,0,0&quot; width=&quot;16&quot; height=&quot;16&quot; normalimage=&quot;file='common/treeview_b.png' source='0,0,16,16' &quot; hotimage=&quot;file='common/treeview_b.png' source='16,0,32,16' &quot; selectedimage=&quot;file='common/treeview_a.png' source='0,0,16,16' &quot; selectedhotimage=&quot;file='common/treeview_a.png' source='16,0,32,16' &quot;"/>
  <Style name="treenode_checkbox_style" value="width=&quot;16&quot; height=&quot;16&quot; normalimage=&quot;file='common/unchecked.png' &quot; selectedimage=&quot;file='common/checked.png'&quot;" />
  <Style name="treeview_style" value="folderattr=&quot;treenode_folder_style&quot; checkboxattr=&quot;treenode_checkbox_style&quot;"/>
  <Style name="listex_item_style" value="checkboxwidth=&quot;16&quot; checkboxheight=&quot;16&quot; checkboxnormalimage=&quot;file='common/unchecked.png'&quot; checkboxselectedimage=&quot;file='common/checked.png'&quot;"/>
  <Style name="colorbtn_style" shared="true" value="textcolor=&quot;#FFAFADAD&quot; hottextcolor=&quot;#FFFFFFFF&quot; textpadding=&quot;6,0,6,0&quot; bkcolor=&quot;#FF2c2c2c&quot; hotbkcolor=&quot;#FF4b4b4b&quot; pushedbkcolor=&quot;#FF424242&quot;"  />
  <Style name="cb_style" shared="true" value="align=&quot;left&quot; valign=&quot;vcenter&quot; height=&quot;16&quot; textcolor=&quot;#FFAFADAD&quot; hottextcolor=&quot;#FFFFFFFF&quot; textpadding=&quot;20,0,6,0&quot; normalimage=&quot;res='common/cb_normal.png' dest='0,0,16.16'&quot; hotimage=&quot;res='common/cb_hot.png' dest='0,0,16.16'&quot; pushedimage=&quot;res='common/cb_pushed.png' dest='0,0,16.16'&quot; selectedimage=&quot;res='common/cb_selected.png' dest='0,0,16,16'&quot;" />

  <VerticalLayout name="root" bkcolor="#FF202223">
    <HorizontalLayout name="appbar" height="64" >
      <HorizontalLayout name="apptitle" childpadding="6">
        <Container width="64" height="64" bkimage="logo.jpg" />
        <VerticalLayout inset="0,10,0,0" childpadding="5">
          <Label text="duilib开源项目圈" valign="vcenter" align="left" textcolor="#FFEEEEEE" font="2" tooltip="duilib开源项目圈"/>
          <HorizontalLayout height="20" childpadding="20">
            <Button name="homepage_btn" cursor="hand" text="hometext" resourcetext="true" showhtml="true" autocalcwidth="true" valign="vcenter" align="left" textcolor="#FFEEEEEE" hottextcolor="#FFFF00FF" font="1" tooltip="官网"/>
            <Button name="qqgroup_btn" cursor="hand" text="加入duilib开源项目圈（261675375）" tooltip="加入duilib开源项目圈" width="220" autocalcwidth="true" valign="vcenter" align="left" textcolor="#FFEEEEEE" hottextcolor="#FFFF00FF" font="1" />
            <Button name="qq_btn" cursor="hand" text="骚扰Troy(QQ：656067418)" width="170" valign="vcenter" align="left" textcolor="#FFEEEEEE" hottextcolor="#FFFF00FF" font="1" tooltip="添加Troy为QQ好友" />
          </HorizontalLayout>
        </VerticalLayout>
      </HorizontalLayout>

      <HorizontalLayout inset="0,-1,0,0" width="151">
        <FadeButton name="menubtn" width="28" height="20" tooltip="菜单" normalimage="sysbtn_menu_normal" hotimage="sysbtn_menu_hot" pushedimage="sysbtn_menu_pushed"/>
        <FadeButton name="skinbtn" width="28" height="20" tooltip="皮肤" normalimage="file='sysbtn/btn_skin_normal.png'" hotimage="file='sysbtn/btn_skin_highlight.png'" pushedimage="file='sysbtn/btn_skin_down.png' "/>
        <FadeButton name="minbtn" width="28" height="20" tooltip="最小化" normalimage="file='sysbtn/btn_mini_normal.png'" hotimage="file='sysbtn/btn_mini_highlight.png'" pushedimage="file='sysbtn/btn_mini_down.png' "/>
        <FadeButton name="maxbtn" width="28" height="20" tooltip="最大化" normalimage="file='sysbtn/btn_max_normal.png'" hotimage="file='sysbtn/btn_max_highlight.png'" pushedimage="file='sysbtn/btn_max_down.png' "/>
        <FadeButton name="restorebtn" width="28" height="20" tooltip="还原" visible="false" normalimage="file='sysbtn/btn_restore_normal.png'" hotimage="file='sysbtn/btn_restore_highlight.png'" pushedimage="file='sysbtn/btn_restore_down.png' "/>
        <FadeButton name="closebtn" width="39" height="20" tooltip="关闭" normalimage="file='sysbtn/btn_close_normal.png'" hotimage="file='sysbtn/btn_close_highlight.png'" pushedimage="file='sysbtn/btn_close_down.png' "/>
      </HorizontalLayout>

    </HorizontalLayout>

    <VerticalLayout name="body" bkcolor="#FF666666">
      <HorizontalLayout name="tab_header" height="30" bkcolor="#FF888888">
        <Control />
        <Option width="98" text="基本控件" name="basic_tab" style="colortab_style" selected="true" />
        <Option width="98" text="高级控件" name="rich_tab" style="colortab_style" />
        <Option width="98" text="拓展控件" name="ex_tab" style="colortab_style" />
        <Option width="98" text="动画控件" name="ani_tab" style="colortab_style" />
        <Option width="98" text="分割窗口" name="split_tab" style="colortab_style" />
        <Control />
      </HorizontalLayout>

      <AnimationTabLayout name="tab_switch">
        <VerticalLayout name="basic_tab_panel" inset="2,2,2,2" vscrollbar="true">
          <HorizontalLayout height="60" childvalign="vcenter">
            <Label text="Label演示" cursor="hand" textcolor="#FF000000" glowsize="0" font="font13" width="80"/>
            <HorizontalLayout height="45" childpadding="12">
              <Label text="Label标签控件自动换行测试" width="60" align="left" wordbreak="true" textcolor="#FFFF0000" />
              <Button text="Button按钮控件自动换行测试" width="60" align="left" wordbreak="true" textcolor="#FF000000" textpadding="6,0,6,0" style="colorbtn_style"/>
              <GroupBox text="Group控件" width="200" bkcolor="#FF666666" textcolor="#FF000000" bordercolor="#FF111111" bordersize="1" borderround="6,6"/>
            </HorizontalLayout>
          </HorizontalLayout>

          <Label height="1" bkimage="common/hor_line.png"/>
          <HorizontalLayout height="60" childvalign="vcenter">
            <Label text="按钮控件" textcolor="#FF000000" font="font13" width="80"/>
            <HorizontalLayout height="30" childpadding="12" bordersize="1,1,1,1" bordercolor="#0">
              <Button name="button1" text="普通按钮" textcolor="#FF000000" textpadding="6,0,6,0" style="btn_style" width="0" autocalcwidth="true"/>
              <Button name="button2" text="图标按钮" textcolor="#FF000000" style="btn_style" width="100" textpadding="20,0,0,0" foreimage="dest='4,7,20,23' res='other/icon.png'" />
              <Button name="sendbtn" text="命令按钮(&S)" textcolor="#FF000000" style="btn_style" shortcut="S" width="120"/>
              <Button name="sendbtn" text="自适应比例按钮" minwidth="120" colorhsl="true" float="0.7,0,0.9,1" textcolor="#FF000000" bkcolor="#FFFF0000" hotbkcolor="#AAFFFF00" pushedbkcolor="#FFFF00FF" borderround="4,4"/>

            </HorizontalLayout>
          </HorizontalLayout>
          <Label height="1" bkimage="common/hor_line.png"/>

          <HorizontalLayout height="60" childvalign="vcenter">
            <Label text="输入控件" textcolor="#FF000000" glowsize="0" font="font13" width="80"/>
            <HorizontalLayout height="24" childpadding="12">
              <Edit name="edit1" tipvalue="普通" style="edit_style" />
              <Edit name="edit2" tipvalue="只读" text="只读控件" style="edit_style" align="center" readonly="true"/>
              <Edit name="edit3" tipvalue="数字" style="edit_style" numberonly="true"/>
              <Edit name="edit4" tipvalue="密码" style="edit_style" password="true" passwordchar="●"/>

            </HorizontalLayout>
          </HorizontalLayout>
          <Label height="1" bkimage="common/hor_line.png"/>
          <HorizontalLayout height="60" childvalign="vcenter">
            <Label text="Combo控件" textcolor="#FF000000" glowsize="0" font="font13" width="80"/>
            <HorizontalLayout height="23" childpadding="12">
              <Combo name="font_type" itemfont="2" width="120" style="combo_style" textcolor="#FFFFFFFF" dropbox="hscrollbar=&quot;true&quot;" textcolor="#FFFFFFFF" float="true" pos="300,0,400,23">
                <ListLabelElement text="微软雅黑" selected="true" height="23" />
                <ListLabelElement text="宋体" height="23" width="500" />
                <ListLabelElement text="黑体" height="23" width="500" />
                <ListLabelElement text="幼圆" height="23" width="500" />
                <ListLabelElement text="楷体" height="23" width="500" />
                <ListContainerElement>
                  <Button name="combo_closebtn" width="39" height="20" tooltip="关闭" normalimage="file='sysbtn/btn_close_normal.png'" hotimage="file='sysbtn/btn_close_highlight.png'" pushedimage="file='sysbtn/btn_close_down.png' "/>
                </ListContainerElement>
              </Combo>
              <Combo name="font_size" width="120" style="combo_style" textcolor="#FFFFFFFF" itemtextpadding="23,0,0,0" dropbox="bordercolor=&quot;#FF666666&quot; bordersize=&quot;1&quot; bkcolor=&quot;#FF888888&quot;">
                <ListLabelElement text="9" selected="true" height="23" />
                <ListLabelElement text="10" height="23" bkimage="dest='4,7,20,23' res='other/icon.png'" mouse="false"/>
                <ListLabelElement text="11" height="23" bkimage="dest='4,7,20,23' res='other/icon.png'" />
                <ListLabelElement text="12" height="23" bkimage="dest='4,7,20,23' res='other/icon.png'" />
                <ListLabelElement text="13" height="23" bkimage="dest='4,7,20,23' res='other/icon.png'" />
                <ListLabelElement text="14" height="23" bkimage="dest='4,7,20,23' res='other/icon.png'" />
                <ListLabelElement text="15" height="23" bkimage="dest='4,7,20,23' res='other/icon.png'" />
                <ListLabelElement text="16" height="23" bkimage="dest='4,7,20,23' res='other/icon.png'" />
                <ListLabelElement text="17" height="23" bkimage="dest='4,7,20,23' res='other/icon.png'" />
                <ListLabelElement text="18" height="23" bkimage="dest='4,7,20,23' res='other/icon.png'" />
                <ListLabelElement text="19" height="23" bkimage="dest='4,7,20,23' res='other/icon.png'" />
                <ListLabelElement text="20" height="23" bkimage="dest='4,7,20,23' res='other/icon.png'" />
                <ListLabelElement text="21" height="23" bkimage="dest='4,7,20,23' res='other/icon.png'" />
                <ListLabelElement text="22" height="23" bkimage="dest='4,7,20,23' res='other/icon.png'" />
                <ListLabelElement text="24" height="23" bkimage="dest='4,7,20,23' res='other/icon.png'" />
                <ListLabelElement text="28" height="23" bkimage="dest='4,7,20,23' res='other/icon.png'" />
                <ListLabelElement text="32" height="23" bkimage="dest='4,7,20,23' res='other/icon.png'" />
              </Combo>
            </HorizontalLayout>
          </HorizontalLayout>

          <HorizontalLayout height="100" childvalign="vcenter">
            <Label text="进度控件" textcolor="#FF000000" glowsize="0" font="font13" width="80"/>
            <HorizontalLayout height="100" childpadding="12" >
              <Progress name="progress" padding="0,40" textcolor="#FF333333" valign="vcenter" height="18" width="160" bkcolor="#FFFFFF33" forecolor="#FFFF0000" value="50" min="0" max="100"/>
              <CircleProgress name="circle_progress" textcolor="#FF333333" valign="vcenter" height="100" width="100" bkcolor="#FFFFFF33" forecolor="#FFFF0000" value="50" min="0" max="100"/>
              <Slider name="slider" enabled="true" padding="0,40" width="124" height="19" value="50" min="0" max="100" bkimage="res='common/SliderBar_BK.bmp' mask='#ffff00ff'" forecolor="#FFFF0000" thumbimage="file='common/SliderBar_Thumb.png' mask='0xffffffff'" thumbhotimage="file='common/SliderBar_Thumb.png' mask='0xffffffff'" thumbpushedimage="file='common/SliderBar_Thumb.png' mask='0xffffffff'" thumbsize="12,20" />
            </HorizontalLayout>
          </HorizontalLayout>

          <Label height="1" bkimage="common/hor_line.png"/>
          <HorizontalLayout height="60" childvalign="vcenter">
            <Label text="系统控件" textcolor="#FF000000" glowsize="0" font="font13" width="80"/>
            <HorizontalLayout height="23" childpadding="12">
              <Label text="IP地址" autocalcwidth="true"/>
              <IPAddress width="120" bordersize="1" bordercolor="#FF888888" textpadding="5"/>
              <Label text="日期" autocalcwidth="true"/>
              <DateTime width="120" bordersize="1" bordercolor="#FF888888" textpadding="3"/>
              <Label text="系统热键" autocalcwidth="true"/>
              <HotKey width="100" bordersize="1" bordercolor="#FF888888"/>
            </HorizontalLayout>
          </HorizontalLayout>

          <Label height="1" bkimage="common/hor_line.png"/>
          <HorizontalLayout height="60" childvalign="vcenter">
            <Label text="窗口演示" textcolor="#FF000000" glowsize="0" font="font13" width="80"/>
            <HorizontalLayout height="30" childpadding="12">
              <Button name="popwnd_btn" text="普通弹出窗口" style="colorbtn_style"/>
              <Button name="modal_popwnd_btn" text="模态弹出窗口"  style="colorbtn_style"/>
              <Button name="qq_btn" text="问题咨询(&Q)" shortcut="Q"  style="colorbtn_style"/>
            </HorizontalLayout>
          </HorizontalLayout>
          <Label height="1" bkimage="common/hor_line.png"/>

        </VerticalLayout>
        <VerticalLayout name="rich_tab_panel" inset="2,2,2,2" vscrollbar="true">
          <HorizontalLayout height="120" inset="0,6,0,6">
            <Label text="RichEdit控件" textcolor="#FF000000" glowsize="0" font="font13" width="80"/>
            <VerticalLayout bordersize="1" bordercolor="#FF333333" inset="2,2,2,2">
              <RichEdit name="wordedit" font="2" password="false" tipvalue="请输入文字" mutiline="true" rich="false" text="duilib地址：https://github.com/qdtroy/DuiLib_Ultimate duilib 开源项目交流圈（261675375）duilib地址：https://github.com/qdtroy/DuiLib_Ultimate duilib 开源项目交流圈（261675375）duilib地址：https://github.com/qdtroy/DuiLib_Ultimate duilib 开源项目交流圈（261675375）duilib地址：https://github.com/qdtroy/DuiLib_Ultimate duilib 开源项目交流圈（261675375）duilib地址：https://github.com/qdtroy/DuiLib_Ultimate duilib 开源项目交流圈（261675375）duilib地址：https://github.com/qdtroy/DuiLib_Ultimate duilib 开源项目交流圈（261675375）duilib地址：https://github.com/qdtroy/DuiLib_Ultimate duilib 开源项目交流圈（261675375）duilib地址：https://github.com/qdtroy/DuiLib_Ultimate duilib 开源项目交流圈（261675375）duilib地址：https://github.com/qdtroy/DuiLib_Ultimate duilib 开源项目交流圈（261675375）duilib地址：https://github.com/qdtroy/DuiLib_Ultimate duilib 开源项目交流圈（261675375）duilib地址：https://github.com/qdtroy/DuiLib_Ultimate duilib 开源项目交流圈（261675375）duilib地址：https://github.com/qdtroy/DuiLib_Ultimate duilib 开源项目交流圈（261675375）" vscrollbar="true" hscrollbar="false" autohscroll="false"/>
            </VerticalLayout>
          </HorizontalLayout>
          
          <Label height="1" bkimage="common/hor_line.png"/>
          <HorizontalLayout height="180" inset="0,6,0,6">
            <Label text="ListView控件" textcolor="#FF000000" glowsize="0" font="font13" width="80"/>
            <VerticalLayout bordersize="1" bordercolor="#FF333333" inset="2,2,2,2">
              <List name="listview" vscrollbar="true" hscrollbar="true" style="list_style" itemvalign="vcenter" scrollstepsize="100">
                <ListHeader height="24" menu="true">
                  <ListHeaderItem text="姓名" width="80" hotimage="res='common/list_header_hot.png'" pushedimage="res='common/list_header_pushed.png'" sepimage="res='common/list_header_sep.png'" sepwidth="1"/>
                  <ListHeaderItem text="学号" width="160" hotimage="res='common/list_header_hot.png'" pushedimage="res='common/list_header_pushed.png'" sepimage="res='common/list_header_sep.png'" sepwidth="1"/>
                  <ListHeaderItem text="成绩" width="160" hotimage="res='common/list_header_hot.png'" pushedimage="res='common/list_header_pushed.png'" sepimage="res='common/list_header_sep.png'" sepwidth="1"/>
                  <ListHeaderItem text="审核" width="160" hotimage="res='common/list_header_hot.png'" pushedimage="res='common/list_header_pushed.png'" sepimage="res='common/list_header_sep.png'" sepwidth="1"/>
                </ListHeader>
                <Include source="listitem.xml"/>
              </List>
            </VerticalLayout>
          </HorizontalLayout>
          <Label height="1" bkimage="common/hor_line.png"/>
          <HorizontalLayout height="120" inset="0,6,0,6">
            <Label text="Tree控件" textcolor="#FF000000" glowsize="0" font="font13" width="80"/>
            <VerticalLayout bordersize="1" bordercolor="#FF333333" inset="2,2,2,2">
              <TreeView name="treeview" bkcolor="#ffffffff" visiblefolderbtn="true" visiblecheckbtn="true" vscrollbar="true" >
                <TreeNode text="A1" style="treeview_style" itemattr="visible=&quot;false&quot;">
                  <TreeNode text="B1" innerstyle="folderattr=&quot;treenode_folder_style&quot; checkboxattr=&quot;treenode_checkbox_style&quot;" itemattr="visible=&quot;false&quot;" >
                    <TreeNode text="C1" innerstyle="folderattr=&quot;treenode_folder_style&quot; checkboxattr=&quot;treenode_checkbox_style&quot;" >
                      <TreeNode text="D1" horizattr="width=&quot;128&quot; bkcolor=&quot;#FFFF0000&quot;" innerstyle="folderattr=&quot;treenode_folder_style&quot; checkboxattr=&quot;treenode_checkbox_style&quot;" >
                        <HorizontalLayout bkcolor="#FFFF00FF" width="300">
                        </HorizontalLayout>
                      </TreeNode>
                      <Button text="扩展按钮" style="btn_style" width="100" />
                    </TreeNode>
                    <Edit text="请输入编辑内容" style="edit_style" tipvalue="扩展文本框"  />
                  </TreeNode>
                  <Edit text="我是Troy" style="edit_style" tipvalue="扩展文本框" />
                </TreeNode>
                <TreeNode text="A2" folderattr="padding=&quot;0,1,0,0&quot; width=&quot;16&quot; height=&quot;16&quot; normalimage=&quot;file='common/treeview_b.png' source='0,0,16,16' &quot; hotimage=&quot;file='common/treeview_b.png' source='16,0,32,16' &quot; selectedimage=&quot;file='common/treeview_a.png' source='0,0,16,16' &quot; selectedhotimage=&quot;file='common/treeview_a.png' source='16,0,32,16' &quot;" checkboxattr="width=&quot;16&quot; height=&quot;16&quot; normalimage=&quot;file='common/unchecked.png' &quot; selectedimage=&quot;file='common/checked.png' &quot;" >
                  <TreeNode text="B2" folderattr="padding=&quot;0,1,0,0&quot; width=&quot;16&quot; height=&quot;16&quot; normalimage=&quot;file='common/treeview_b.png' source='0,0,16,16' &quot; hotimage=&quot;file='common/treeview_b.png' source='16,0,32,16' &quot; selectedimage=&quot;file='common/treeview_a.png' source='0,0,16,16' &quot; selectedhotimage=&quot;file='common/treeview_a.png' source='16,0,32,16' &quot;" checkboxattr="width=&quot;16&quot; height=&quot;16&quot; normalimage=&quot;file='common/unchecked.png' &quot; selectedimage=&quot;file='common/checked.png' &quot;" >
                    <TreeNode text="C2" folderattr="padding=&quot;0,1,0,0&quot; width=&quot;16&quot; height=&quot;16&quot; normalimage=&quot;file='common/treeview_b.png' source='0,0,16,16' &quot; hotimage=&quot;file='common/treeview_b.png' source='16,0,32,16' &quot; selectedimage=&quot;file='common/treeview_a.png' source='0,0,16,16' &quot; selectedhotimage=&quot;file='common/treeview_a.png' source='16,0,32,16' &quot;" checkboxattr="width=&quot;16&quot; height=&quot;16&quot; normalimage=&quot;file='common/unchecked.png' &quot; selectedimage=&quot;file='common/checked.png' &quot;" >
                      <TreeNode text="D2" folderattr="padding=&quot;0,1,0,0&quot; width=&quot;16&quot; height=&quot;16&quot; normalimage=&quot;file='common/treeview_b.png' source='0,0,16,16' &quot; hotimage=&quot;file='common/treeview_b.png' source='16,0,32,16' &quot; selectedimage=&quot;file='common/treeview_a.png' source='0,0,16,16' &quot; selectedhotimage=&quot;file='common/treeview_a.png' source='16,0,32,16' &quot;" checkboxattr="width=&quot;16&quot; height=&quot;16&quot; normalimage=&quot;file='common/unchecked.png' &quot; selectedimage=&quot;file='common/checked.png' &quot;" >
                        <Option text="扩展单选框" width="100" group="RadioBoxTest" />
                      </TreeNode>
                      <Option text="扩展单选框" width="100" group="RadioBoxTest" />
                    </TreeNode>
                    <CheckBox text="扩展复选框" width="100" />
                  </TreeNode>
                  <CheckBox text="扩展复选框" width="100" />
                </TreeNode>
              </TreeView>
            </VerticalLayout>
          </HorizontalLayout>
          <Label height="1" bkimage="common/hor_line.png"/>

        </VerticalLayout>
        <VerticalLayout name="ex_tab_panel" inset="2,2,2,2" vscrollbar="true">
          <HorizontalLayout height="220">
            <Label text="颜色控件" textcolor="#FF000000" glowsize="0" font="font13" width="80"/>
            <ColorPalette name="Pallet" width="506" height="220" palletheight="200" barheight="14" padding="0,0,0,0" thumbimage="common/cursor.png" />
          </HorizontalLayout>

          <Label height="1" bkimage="common/hor_line.png"/>
          <HorizontalLayout height="200">
            <Label text="图表控件" textcolor="#FF000000" glowsize="0" font="font13" width="80"/>
            <VerticalLayout>
              <ChartView name="ChartView_Histpgram" padding="10,10,10,10" view="histpgram" shadowimage="file='common/Histogram_Shadow.png' corner='10,0,10,0'" shadowimageheight="8" pillarimage="file='common/Histogram_Pillar.png' corner='0,7,0,7'" pillarimagewidth="19" showhtml="true" />
              <ChartView name="ChartView_Pie" padding="10,10,10,10" view="pie" showhtml="true" />
            </VerticalLayout>
          </HorizontalLayout>
          <Label height="1" bkimage="common/hor_line.png"/>
          <HorizontalLayout height="180" inset="0,6,0,6">
            <Label text="ListEx控件" textcolor="#FF000000" glowsize="0" font="font13" width="80"/>
            <VerticalLayout bordersize="1" bordercolor="#FF333333" inset="2,2,2,2">
              <ListEx name="listex" vscrollbar="true" hscrollbar="true" style="list_style">
                <ListHeader height="24" menu="true">
                  <ListContainerHeaderItem text="" width="30" checkable="true" checkboxwidth="16" checkboxheight="16" checkboxnormalimage="file='icon/unchecked.png'" checkboxselectedimage="file='icon/checked.png'" hotimage="file='list_header_hot.png'" pushedimage="file='list_header_pushed.png'" sepimage="file='list_header_sep.png'" sepwidth="1"/>
                  <ListContainerHeaderItem text="姓名" width="160" hotimage="file='list_header_hot.png'" pushedimage="file='list_header_pushed.png'" sepimage="file='list_header_sep.png'" sepwidth="1"/>
                  <ListContainerHeaderItem text="学号" width="160" hotimage="file='list_header_hot.png'" pushedimage="file='list_header_pushed.png'" sepimage="file='list_header_sep.png'" sepwidth="1"/>
                  <ListContainerHeaderItem text="成绩" width="160" editable="true" hotimage="file='list_header_hot.png'" pushedimage="file='list_header_pushed.png'" sepimage="file='list_header_sep.png'" sepwidth="1"/>
                </ListHeader>
              </ListEx>
            </VerticalLayout>
          </HorizontalLayout>

        </VerticalLayout>
        
        <VerticalLayout name="ani_tab_panel" vscrollbar="true">
          <HorizontalLayout height="160" inset="0,6,0,6" >
            <Label text="滚动文字" textcolor="#FF000000" glowsize="0" font="font13" width="80"/>
            <RollText name="rolltext" text="超过5000万人使用，适用于 Chrome 的免费的广告拦截器，可阻止所有烦人的广告及恶意软件和跟踪。"/>
          </HorizontalLayout>

          <Label height="1" bkimage="common/hor_line.png"/>
          <HorizontalLayout height="100" inset="0,6,0,6">
            <Label text="Gif控件" textcolor="#FF000000" glowsize="0" font="font13" width="80"/>
            <VerticalLayout bordersize="0" bordercolor="#FF333333" inset="2,2,2,2">
              <GifAnim name="ani_gif" bkimage="other/checking.gif" width="320"/>
            </VerticalLayout>
          </HorizontalLayout>

          <Label height="1" bkimage="common/hor_line.png"/>
          <HorizontalLayout height="200" inset="0,6,0,6">
            <Label text="Flash控件" textcolor="#FF000000" glowsize="0" font="font13" width="80"/>
            <VerticalLayout bordersize="0" bordercolor="#FF333333" inset="2,2,2,2" bkimage="res='other/water_bg.jpg' corner='0,360,480,0'">
              <ActiveX name="ani_flash" clsid="{D27CDB6E-AE6D-11CF-96B8-444553540000}" mouse="true"/>
            </VerticalLayout>
          </HorizontalLayout>

        </VerticalLayout>
        <VerticalLayout name="split_tab_panel" bkcolor="#FF000000">
          <VerticalLayout inset="0,0,0,6" sepimm="true" sepheight="6" height="200" minheight="200" maxheight="300">
            <WebBrowser name="oneclick_browser1" homepage="about:blank" autonavi="true" delaycreate="false" />
          </VerticalLayout>
          <WebBrowser name="oneclick_browser2" homepage="about:blank" autonavi="true" delaycreate="false"/>
        </VerticalLayout>
      </AnimationTabLayout>
    </VerticalLayout>

    <HorizontalLayout height="40" childvalign="vcenter" childpadding="2" inset="5,5,5,5">
      <Label text="DPI调整" cursor="hand" textcolor="#FFFFFFFF" font="font13" width="80"/>
      <Button name="dpi_btn" userdata="96" text="DPI:100" textcolor="#FF000000" textpadding="6,0,6,0" style="colorbtn_style" width="0" autocalcwidth="true"/>
      <Button name="dpi_btn" userdata="120" text="DPI:125" textcolor="#FF000000" textpadding="6,0,6,0" style="colorbtn_style" width="0" autocalcwidth="true"/>
      <Button name="dpi_btn" userdata="144" text="DPI:150" textcolor="#FF000000" textpadding="6,0,6,0" style="colorbtn_style" width="0" autocalcwidth="true"/>
      <Button name="dpi_btn" userdata="168" text="DPI:175" textcolor="#FF000000" textpadding="6,0,6,0" style="colorbtn_style" width="0" autocalcwidth="true"/>
      <Button name="dpi_btn" userdata="192" text="DPI:200" textcolor="#FF000000" textpadding="6,0,6,0" style="colorbtn_style" width="0" autocalcwidth="true"/>
    </HorizontalLayout>
  </VerticalLayout>
</Window>