<?xml version="1.0" encoding="utf-8"?>
<Window size="800,572" sizebox="4,4,6,6" roundcorner="0,0" caption="0,0,0,64" layered="false" mininfo="400,300" showshadow="true" shadowimage="main/shadow.png" shadowsize="6" shadowcorner="8,8,8,8">
  <Font id="0" name="宋体" size="13" default="true" shared="true"/>
  <Font id="1" name="宋体" size="12" bold="true" underline="true" shared="true"/>
  <Font id="2" name="宋体" size="18" bold="true" shared="true"/>
  <Font id="3" name="宋体" size="18" bold="true" shared="true"/>
  <Default name="VScrollBar" shared="true" value="button1normalimage=&quot;file='scrollbar.bmp' source='0,90,16,106' mask='#FFFF00FF'&quot; button1hotimage=&quot;file='scrollbar.bmp' source='18,90,34,106' mask='#FFFF00FF'&quot; button1pushedimage=&quot;file='scrollbar.bmp' source='36,90,52,106' mask='#FFFF00FF'&quot; button1disabledimage=&quot;file='scrollbar.bmp' source='54,90,70,106' mask='#FFFF00FF'&quot; button2normalimage=&quot;file='scrollbar.bmp' source='0,108,16,124' mask='#FFFF00FF'&quot; button2hotimage=&quot;file='scrollbar.bmp' source='18,108,34,124' mask='#FFFF00FF'&quot; button2pushedimage=&quot;file='scrollbar.bmp' source='36,108,52,124' mask='#FFFF00FF'&quot; button2disabledimage=&quot;file='scrollbar.bmp' source='54,108,70,124' mask='#FFFF00FF'&quot; thumbnormalimage=&quot;file='scrollbar.bmp' source='0,126,16,142' corner='2,2,2,2' mask='#FFFF00FF'&quot; thumbhotimage=&quot;file='scrollbar.bmp' source='18,126,34,142' corner='2,2,2,2' mask='#FFFF00FF'&quot; thumbpushedimage=&quot;file='scrollbar.bmp' source='36,126,52,142' corner='2,2,2,2' mask='#FFFF00FF'&quot; thumbdisabledimage=&quot;file='scrollbar.bmp' source='54,126,70,142' corner='2,2,2,2' mask='#FFFF00FF'&quot; railnormalimage=&quot;file='scrollbar.bmp' source='0,144,16,160' corner='2,2,2,2' mask='#FFFF00FF'&quot; railhotimage=&quot;file='scrollbar.bmp' source='18,144,34,160' corner='2,2,2,2' mask='#FFFF00FF'&quot; railpushedimage=&quot;file='scrollbar.bmp' source='36,144,52,160' corner='2,2,2,2' mask='#FFFF00FF'&quot; raildisabledimage=&quot;file='scrollbar.bmp' source='54,144,70,160' corner='2,2,2,2' mask='#FFFF00FF'&quot; bknormalimage=&quot;file='scrollbar.bmp' source='0,162,16,178' corner='2,2,2,2' mask='#FFFF00FF'&quot; bkhotimage=&quot;file='scrollbar.bmp' source='18,162,34,178' corner='2,2,2,2' mask='#FFFF00FF'&quot; bkpushedimage=&quot;file='scrollbar.bmp' source='36,162,52,178' corner='2,2,2,2' mask='#FFFF00FF'&quot; bkdisabledimage=&quot;file='scrollbar.bmp' source='54,162,70,178' corner='2,2,2,2' mask='#FFFF00FF'&quot; " />
  <Default name="HScrollBar" shared="true" value="button1normalimage=&quot;file='scrollbar.bmp' source='0,0,16,16' mask='#FFFF00FF'&quot; button1hotimage=&quot;file='scrollbar.bmp' source='18,0,34,16' mask='#FFFF00FF'&quot; button1pushedimage=&quot;file='scrollbar.bmp' source='36,0,52,16' mask='#FFFF00FF'&quot; button1disabledimage=&quot;file='scrollbar.bmp' source='54,0,70,16' mask='#FFFF00FF'&quot; button2normalimage=&quot;file='scrollbar.bmp' source='0,18,16,34' mask='#FFFF00FF'&quot; button2hotimage=&quot;file='scrollbar.bmp' source='18,18,34,34' mask='#FFFF00FF'&quot; button2pushedimage=&quot;file='scrollbar.bmp' source='36,18,52,34' mask='#FFFF00FF'&quot; button2disabledimage=&quot;file='scrollbar.bmp' source='54,18,70,34' mask='#FFFF00FF'&quot; thumbnormalimage=&quot;file='scrollbar.bmp' source='0,36,16,52' corner='2,2,2,2' mask='#FFFF00FF'&quot; thumbhotimage=&quot;file='scrollbar.bmp' source='18,36,34,52' corner='2,2,2,2' mask='#FFFF00FF'&quot; thumbpushedimage=&quot;file='scrollbar.bmp' source='36,36,52,52' corner='2,2,2,2' mask='#FFFF00FF'&quot; thumbdisabledimage=&quot;file='scrollbar.bmp' source='54,36,70,52' corner='2,2,2,2' mask='#FFFF00FF'&quot; railnormalimage=&quot;file='scrollbar.bmp' source='0,54,16,70' corner='2,2,2,2' mask='#FFFF00FF'&quot; railhotimage=&quot;file='scrollbar.bmp' source='18,54,34,70' corner='2,2,2,2' mask='#FFFF00FF'&quot; railpushedimage=&quot;file='scrollbar.bmp' source='36,54,52,70' corner='2,2,2,2' mask='#FFFF00FF'&quot; raildisabledimage=&quot;file='scrollbar.bmp' source='54,54,70,70' corner='2,2,2,2' mask='#FFFF00FF'&quot; bknormalimage=&quot;file='scrollbar.bmp' source='0,72,16,88' corner='2,2,2,2' mask='#FFFF00FF'&quot; bkhotimage=&quot;file='scrollbar.bmp' source='18,72,34,88' corner='2,2,2,2' mask='#FFFF00FF'&quot; bkpushedimage=&quot;file='scrollbar.bmp' source='36,72,52,88' corner='2,2,2,2' mask='#FFFF00FF'&quot; bkdisabledimage=&quot;file='scrollbar.bmp' source='54,72,70,88' corner='2,2,2,2' mask='#FFFF00FF'&quot; " />

  <Style name="main_tab" value="textcolor=&quot;#FF386382&quot; font=&quot;2&quot; normalimage=&quot;tabbar_normal.png&quot; hotimage=&quot;tabbar_hover.png&quot; pushedimage=&quot;tabbar_pushed.png&quot; selectedimage=&quot;tabbar_pushed.png&quot; group=&quot;tab_header&quot;" />
  <Style name="combo_style" value="height=&quot;22&quot; textpadding=&quot;4,1,22,1&quot; normalimage=&quot;file='combo.png' source='0,0,100,22' corner='2,2,20,2'&quot; hotimage=&quot;file='combo.png' source='0,22,100,44' corner='2,2,22,2'&quot; pushedimage=&quot;file='combo.png' source='0,44,100,66' corner='2,2,22,2'&quot;" />
  <Style name="list_style" value="headerbkimage=&quot;file='list_header_bg.png'&quot; itemalign=&quot;center&quot; itemlinecolor=&quot;#FFFF0000&quot; itemshowrowline=&quot;true&quot; itemshowcolumnline=&quot;true&quot;" />
  <Style name="edit_style" value="bkimage=&quot;res='edit_bk.png' corner='6,6,6,6'&quot;" />
  <Style name="btn_style" value="drag=&quot;true&quot; textpadding=&quot;6,0,6,0&quot; normalimage=&quot;res='button_normal.png' corner='4,4,4,4'&quot; hotimage=&quot;res='button_hover.png' corner='4,4,4,4'&quot; pushedimage=&quot;res='button_pushed.png' corner='4,4,4,4'&quot;" />
  <Style name="treenode_folder_style" value="padding=&quot;0,1,0,0&quot; width=&quot;16&quot; height=&quot;16&quot; normalimage=&quot;file='Icon/treeview_b.png' source='0,0,16,16' &quot; hotimage=&quot;file='Icon/treeview_b.png' source='16,0,32,16' &quot; selectedimage=&quot;file='Icon/treeview_a.png' source='0,0,16,16' &quot; selectedhotimage=&quot;file='Icon/treeview_a.png' source='16,0,32,16' &quot;"/>
  <Style name="treenode_checkbox_style" value="width=&quot;16&quot; height=&quot;16&quot; normalimage=&quot;file='Icon/unchecked.png' &quot; selectedimage=&quot;file='Icon/checked.png'&quot;" />
  <Style name="treeview_style" value="folderattr=&quot;treenode_folder_style&quot; checkboxattr=&quot;treenode_checkbox_style&quot;"/>
  <Style name="listex_item_style" value="checkboxwidth=&quot;16&quot; checkboxheight=&quot;16&quot; checkboxnormalimage=&quot;file='icon/unchecked.png'&quot; checkboxselectedimage=&quot;file='icon/checked.png'&quot;"/>
  
  <VerticalLayout name="root" bkimage1="file='main\10.jpg' corner='580,370,10,5'" bkcolor="#ff0199cb" colorhsl="true">
    <HorizontalLayout name="appbar" height="64" >
      <HorizontalLayout name="apptitle" childpadding="6">
        <Container width="64" height="64" bkimage="logo.jpg" />
        <VerticalLayout inset="0,10,0,0" childpadding="5">
          <Label resourcetext="false" text="duilib开源项目圈" minwidth="100" maxwidth="180" endellipsis="true" autocalcwidth="true" valign="vcenter" align="left" textcolor="#FFEEEEEE" font="3" tooltip="官网"/>
          <HorizontalLayout height="20" childpadding="20">
            <Button name="homepage_btn" cursor="hand" text="hometext" resourcetext="true" showhtml="true" autocalcwidth="true" valign="vcenter" align="left" textcolor="#FFEEEEEE" hottextcolor="#FFFF00FF" font="1" tooltip="官网"/>
            <Button name="qqgroup_btn" cursor="hand" text="加入duilib开源项目圈（261675375）" tooltip="加入duilib开源项目圈" width="220" autocalcwidth="true" valign="vcenter" align="left" textcolor="#FFEEEEEE" hottextcolor="#FF0000FF" font="1" />
            <Button name="qq_btn" cursor="hand" text="骚扰Troy(QQ：656067418)" width="170" valign="vcenter" align="left" textcolor="#FFEEEEEE" hottextcolor="#FF0000FF" font="1" tooltip="添加Troy为QQ好友" />
          </HorizontalLayout>
        </VerticalLayout>
      </HorizontalLayout>

      <HorizontalLayout inset="0,-1,0,0" width="151">
        <Button name="menubtn" width="28" height="20" tooltip="菜单" normalimage="sysbtn_menu_normal" hotimage="sysbtn_menu_hot" pushedimage="sysbtn_menu_pushed"/>
        <Button name="skinbtn" width="28" height="20" tooltip="皮肤" normalimage="file='sysbtn/btn_skin_normal.png'" hotimage="file='sysbtn/btn_skin_highlight.png'" pushedimage="file='sysbtn/btn_skin_down.png' "/>
        <Button name="minbtn" width="28" height="20" tooltip="最小化" normalimage="file='sysbtn/btn_mini_normal.png'" hotimage="file='sysbtn/btn_mini_highlight.png'" pushedimage="file='sysbtn/btn_mini_down.png' "/>
        <Button name="maxbtn" width="28" height="20" tooltip="最大化" normalimage="file='sysbtn/btn_max_normal.png'" hotimage="file='sysbtn/btn_max_highlight.png'" pushedimage="file='sysbtn/btn_max_down.png' "/>
        <Button name="restorebtn" width="28" height="20" tooltip="还原" visible="false" normalimage="file='sysbtn/btn_restore_normal.png'" hotimage="file='sysbtn/btn_restore_highlight.png'" pushedimage="file='sysbtn/btn_restore_down.png' "/>
        <Button name="closebtn" width="39" height="20" tooltip="关闭" normalimage="file='sysbtn/btn_close_normal.png'" hotimage="file='sysbtn/btn_close_highlight.png'" pushedimage="file='sysbtn/btn_close_down.png' "/>
      </HorizontalLayout>

    </HorizontalLayout>

    <VerticalLayout name="body" bkcolor="#FFFFFFFF">
      <HorizontalLayout name="tab_header" height="30" bkimage="file='header_bk.png' corner='4,4,4,4'" inset="6,3,0,0" childpadding="6">
        <Option width="98" text="基本控件" name="basic_tab" style="main_tab" selected="true"/>
        <Option width="98" text="高级控件" name="rich_tab" style="main_tab" />
        <Option width="98" text="拓展控件" name="ex_tab" style="main_tab" />
        <Option width="98" text="动画控件" name="ani_tab" style="main_tab" />
        <Option width="98" text="分割窗口" name="split_tab" style="main_tab" />

      </HorizontalLayout>

      <AnimationTabLayout name="tab_switch">
        <VerticalLayout name="basic_tab_panel" inset="2,2,2,2" vscrollbar="true">
          <Label height="1" bkimage="hor_line.bmp"/>

          <HorizontalLayout height="60" childvalign="vcenter">
            <Label text="Label演示" cursor="hand" textcolor="#FF555555" glowsize="0" font="font13" width="80"/>
            <HorizontalLayout height="45" childpadding="12">
              <Label text="duilib开源项目圈自动换行测试" width="60" align="left" valign="top" wordbreak="true" textcolor="#FFFF0000" />
              <Button text="普通按钮自动换行测试" width="60" align="left" wordbreak="true" textcolor="#FF555555" textpadding="6,0,6,0" normalimage="res='button_normal.png' corner='4,4,4,4'" hotimage="res='button_hover.png' corner='4,4,4,4'" pushedimage="res='button_pushed.png' corner='4,4,4,4'"/>
              <GroupBox text="Group控件" width="200" bkcolor="#FFFFFFFF" textcolor="#FF000000" bordercolor="#FF111111" bordersize="1" borderround="6,6"/>
            </HorizontalLayout>
          </HorizontalLayout>

          <Label height="1" bkimage="hor_line.bmp"/>
          <HorizontalLayout height="60" childvalign="vcenter">
            <Label text="按钮控件" textcolor="#FF555555" font="font13" width="80"/>
            <HorizontalLayout height="30" childpadding="12" bordersize="1,1,1,1" bordercolor="#0">
              <Button name="button1" text="普通按钮" textcolor="#FF555555" textpadding="6,0,6,0" style="btn_style" width="0" autocalcwidth="true"/>
              <Button name="button2" text="图标按钮" textcolor="#FF555555" style="btn_style" width="100" textpadding="20,0,0,0" foreimage="dest='4,7,20,23' res='icon.png'" />
              <Button name="sendbtn" text="命令按钮(&S)" textcolor="#FF555555" style="btn_style" shortcut="S" width="120"/>
              <Button name="sendbtn" text="颜色按钮" colorhsl="true" float="0.8,0,0.9,1" textcolor="#FF555555" bkcolor="#FFFF0000" hotbkcolor="#AAFFFF00" pushedbkcolor="#FFFF00FF" borderround="4,4"/>

            </HorizontalLayout>
          </HorizontalLayout>
          <Label height="1" bkimage="hor_line.bmp"/>

          <HorizontalLayout height="60" childvalign="vcenter">
            <Label text="输入控件" textcolor="#FF555555" glowsize="0" font="font13" width="80"/>
            <HorizontalLayout height="24" childpadding="12">
              <Edit name="edit1" tipvalue="普通" style="edit_style" />
              <Edit name="edit2" tipvalue="只读" text="只读控件" style="edit_style" align="center" readonly="true"/>
              <Edit name="edit3" tipvalue="数字" style="edit_style" numberonly="true"/>
              <Edit name="edit4" tipvalue="密码" style="edit_style" password="true" passwordchar="●"/>

            </HorizontalLayout>
          </HorizontalLayout>
          <Label height="1" bkimage="hor_line.bmp"/>
          <HorizontalLayout height="60" childvalign="vcenter">
            <Label text="Combo控件" textcolor="#FF555555" glowsize="0" font="font13" width="80"/>
            <HorizontalLayout height="23" childpadding="12">
              <Combo name="font_type" itemfont="2" width="120" style="combo_style" dropbox="hscrollbar=&quot;true&quot;" textcolor="#FFFF0000" float="true" pos="300,0,400,23">
                <ListLabelElement text="微软雅黑" selected="true" height="23" />
                <ListLabelElement text="宋体" height="23" width="500" />
                <ListLabelElement text="黑体" height="23" width="500" />
                <ListLabelElement text="幼圆" height="23" width="500" />
                <ListLabelElement text="楷体" height="23" width="500" />
              </Combo>
              <Combo name="font_size" width="120" style="combo_style" itemtextpadding="23,0,0,0">
                <ListLabelElement text="9" selected="true" height="23" />
                <ListLabelElement text="10" height="23" bkimage="dest='4,7,20,23' res='icon.png'"/>
                <ListLabelElement text="11" height="23" bkimage="dest='4,7,20,23' res='icon.png'" />
                <ListLabelElement text="12" height="23" bkimage="dest='4,7,20,23' res='icon.png'" />
                <ListLabelElement text="13" height="23" bkimage="dest='4,7,20,23' res='icon.png'" />
                <ListLabelElement text="14" height="23" bkimage="dest='4,7,20,23' res='icon.png'" />
                <ListLabelElement text="15" height="23" bkimage="dest='4,7,20,23' res='icon.png'" />
                <ListLabelElement text="16" height="23" bkimage="dest='4,7,20,23' res='icon.png'" />
                <ListLabelElement text="17" height="23" bkimage="dest='4,7,20,23' res='icon.png'" />
                <ListLabelElement text="18" height="23" bkimage="dest='4,7,20,23' res='icon.png'" />
                <ListLabelElement text="19" height="23" bkimage="dest='4,7,20,23' res='icon.png'" />
                <ListLabelElement text="20" height="23" bkimage="dest='4,7,20,23' res='icon.png'" />
                <ListLabelElement text="21" height="23" bkimage="dest='4,7,20,23' res='icon.png'" />
                <ListLabelElement text="22" height="23" bkimage="dest='4,7,20,23' res='icon.png'" />
                <ListLabelElement text="24" height="23" bkimage="dest='4,7,20,23' res='icon.png'" />
                <ListLabelElement text="28" height="23" bkimage="dest='4,7,20,23' res='icon.png'" />
                <ListLabelElement text="32" height="23" bkimage="dest='4,7,20,23' res='icon.png'" />
              </Combo>
            </HorizontalLayout>
          </HorizontalLayout>

          <HorizontalLayout height="100" childvalign="vcenter">
            <Label text="进度控件" textcolor="#FF555555" glowsize="0" font="font13" width="80"/>
            <HorizontalLayout height="100" childpadding="12" >
              <Progress name="progress" padding="0,40" textcolor="#FF333333" valign="vcenter" height="18" width="160" bkcolor="#FFFFFF33" forecolor="#FFFF0000" value="50" min="0" max="100"/>
              <CircleProgress name="circle_progress" textcolor="#FF333333" valign="vcenter" height="100" width="100" bkcolor="#FFFFFF33" forecolor="#FFFF0000" value="50" min="0" max="100"/>
              <Slider name="slider" padding="0,40" width="124" height="19" value="50" min="0" max="100" bkimage="res='SliderBar_BK.bmp' mask='#ffff00ff'" thumbimage="file='SliderBar_Thumb.png' mask='0xffffffff'" thumbhotimage="file='SliderBar_Thumb.png' mask='0xffffffff'" thumbpushedimage="file='SliderBar_Thumb.png' mask='0xffffffff'" thumbsize="12,20" />
            </HorizontalLayout>
          </HorizontalLayout>

          <Label height="1" bkimage="hor_line.bmp"/>
          <HorizontalLayout height="60" childvalign="vcenter">
            <Label text="系统控件" textcolor="#FF555555" glowsize="0" font="font13" width="80"/>
            <HorizontalLayout height="23" childpadding="12">
              <IPAddress width="120"/>
              <DateTime width="160"/>

            </HorizontalLayout>
          </HorizontalLayout>

          <Label height="1" bkimage="hor_line.bmp"/>
          <HorizontalLayout height="60" childvalign="vcenter">
            <Label text="窗口演示" textcolor="#FF555555" glowsize="0" font="font13" width="80"/>
            <HorizontalLayout height="30" childpadding="12">
              <Button name="popwnd_btn" text="普通弹出窗口" textcolor="#FF555555" normalimage="res='button_normal.png' corner='4,4,4,4'" hotimage="res='button_hover.png' corner='4,4,4,4'" pushedimage="res='button_pushed.png' corner='4,4,4,4'" width="100"/>
              <Button name="modal_popwnd_btn" text="模态弹出窗口" textcolor="#FF555555" normalimage="res='button_normal.png' corner='4,4,4,4'" hotimage="res='button_hover.png' corner='4,4,4,4'" pushedimage="res='button_pushed.png' corner='4,4,4,4'" width="100"/>
              <Button name="qq_btn" text="问题咨询(&Q)" shortcut="Q" textcolor="#FF555555" normalimage="res='button_normal.png' corner='4,4,4,4'" hotimage="res='button_hover.png' corner='4,4,4,4'" pushedimage="res='button_pushed.png' corner='4,4,4,4'" width="100"/>
            </HorizontalLayout>
          </HorizontalLayout>
          <Label height="1" bkimage="hor_line.bmp"/>

        </VerticalLayout>
        <VerticalLayout name="rich_tab_panel" inset="2,2,2,2" vscrollbar="true">
          <Label height="1" bkimage="hor_line.bmp"/>

          <HorizontalLayout height="120" bkcolor="#FFFFFFFF" inset="0,6,0,6">
            <Label text="RichEdit控件" textcolor="#FF555555" glowsize="0" font="font13" width="80"/>
            <VerticalLayout bordersize="1" bordercolor="#FF666666" inset="2,2,2,2">
              <RichEdit name="wordedit" font="2" password="false" tipvalue="请输入文字" mutiline="true" rich="false" text="duilib地址：https://github.com/qdtroy/DuiLib_Ultimate duilib 开源项目交流圈（261675375）" readonly="false" vscrollbar="true" hscrollbar="false" autohscroll="false"/>
            </VerticalLayout>
          </HorizontalLayout>
          
          <Label height="1" bkimage="hor_line.bmp"/>
          <HorizontalLayout height="180" bkcolor="#FFFFFFFF" inset="0,6,0,6">
            <Label text="ListView控件" textcolor="#FF555555" glowsize="0" font="font13" width="80"/>
            <VerticalLayout bordersize="1" bordercolor="#FF666666" inset="2,2,2,2">
              <List name="listview" vscrollbar="true" hscrollbar="true" style="list_style">
                <ListHeader height="24" menu="true">
                  <ListHeaderItem text="姓名" width="60" hotimage="file='list_header_hot.png'" pushedimage="file='list_header_pushed.png'" sepimage="file='list_header_sep.png'" sepwidth="1"/>
                  <ListHeaderItem text="学号" width="160" hotimage="file='list_header_hot.png'" pushedimage="file='list_header_pushed.png'" sepimage="file='list_header_sep.png'" sepwidth="1"/>
                  <ListHeaderItem text="成绩" width="160" hotimage="file='list_header_hot.png'" pushedimage="file='list_header_pushed.png'" sepimage="file='list_header_sep.png'" sepwidth="1"/>
                  <ListHeaderItem text="审核" width="160" hotimage="file='list_header_hot.png'" pushedimage="file='list_header_pushed.png'" sepimage="file='list_header_sep.png'" sepwidth="1"/>
                </ListHeader>
              </List>
            </VerticalLayout>
          </HorizontalLayout>
          <Label height="1" bkimage="hor_line.bmp"/>
          <HorizontalLayout height="120" bkcolor="#FFFFFFFF" inset="0,6,0,6">
            <Label text="Tree控件" textcolor="#FF555555" glowsize="0" font="font13" width="80"/>
            <VerticalLayout bordersize="1" bordercolor="#FF666666" inset="2,2,2,2">
              <TreeView name="treeview" bkcolor="#ffffffff" visiblefolderbtn="true" visiblecheckbtn="true" vscrollbar="true" >
                <TreeNode text="A1" style="treeview_style" >
                  <TreeNode text="B1" innerstyle="folderattr=&quot;treenode_folder_style&quot; checkboxattr=&quot;treenode_checkbox_style&quot;" >
                    <TreeNode text="C1" innerstyle="folderattr=&quot;treenode_folder_style&quot; checkboxattr=&quot;treenode_checkbox_style&quot;" >
                      <TreeNode text="D1" horizattr="width=&quot;128&quot; bkcolor=&quot;#FFFF0000&quot;" innerstyle="folderattr=&quot;treenode_folder_style&quot; checkboxattr=&quot;treenode_checkbox_style&quot;" >
                        <HorizontalLayout bkcolor="#FFFF00FF" width="300">
                        </HorizontalLayout>
                      </TreeNode>
                      <Button text="扩展按钮" style="btn_style" width="100" />
                    </TreeNode>
                    <Edit text="扩展文本框" style="edit_style" tipvalue="扩展文本框" width="100" />
                  </TreeNode>
                  <Edit text="扩展文本框" style="edit_style" tipvalue="扩展文本框" width="100" />
                </TreeNode>
                <TreeNode text="A2" folderattr="padding=&quot;0,1,0,0&quot; width=&quot;16&quot; height=&quot;16&quot; normalimage=&quot;file='Icon/treeview_b.png' source='0,0,16,16' &quot; hotimage=&quot;file='Icon/treeview_b.png' source='16,0,32,16' &quot; selectedimage=&quot;file='Icon/treeview_a.png' source='0,0,16,16' &quot; selectedhotimage=&quot;file='Icon/treeview_a.png' source='16,0,32,16' &quot;" checkboxattr="width=&quot;16&quot; height=&quot;16&quot; normalimage=&quot;file='Icon/unchecked.png' &quot; selectedimage=&quot;file='Icon/checked.png' &quot;" >
                  <TreeNode text="B2" folderattr="padding=&quot;0,1,0,0&quot; width=&quot;16&quot; height=&quot;16&quot; normalimage=&quot;file='Icon/treeview_b.png' source='0,0,16,16' &quot; hotimage=&quot;file='Icon/treeview_b.png' source='16,0,32,16' &quot; selectedimage=&quot;file='Icon/treeview_a.png' source='0,0,16,16' &quot; selectedhotimage=&quot;file='Icon/treeview_a.png' source='16,0,32,16' &quot;" checkboxattr="width=&quot;16&quot; height=&quot;16&quot; normalimage=&quot;file='Icon/unchecked.png' &quot; selectedimage=&quot;file='Icon/checked.png' &quot;" >
                    <TreeNode text="C2" folderattr="padding=&quot;0,1,0,0&quot; width=&quot;16&quot; height=&quot;16&quot; normalimage=&quot;file='Icon/treeview_b.png' source='0,0,16,16' &quot; hotimage=&quot;file='Icon/treeview_b.png' source='16,0,32,16' &quot; selectedimage=&quot;file='Icon/treeview_a.png' source='0,0,16,16' &quot; selectedhotimage=&quot;file='Icon/treeview_a.png' source='16,0,32,16' &quot;" checkboxattr="width=&quot;16&quot; height=&quot;16&quot; normalimage=&quot;file='Icon/unchecked.png' &quot; selectedimage=&quot;file='Icon/checked.png' &quot;" >
                      <TreeNode text="D2" folderattr="padding=&quot;0,1,0,0&quot; width=&quot;16&quot; height=&quot;16&quot; normalimage=&quot;file='Icon/treeview_b.png' source='0,0,16,16' &quot; hotimage=&quot;file='Icon/treeview_b.png' source='16,0,32,16' &quot; selectedimage=&quot;file='Icon/treeview_a.png' source='0,0,16,16' &quot; selectedhotimage=&quot;file='Icon/treeview_a.png' source='16,0,32,16' &quot;" checkboxattr="width=&quot;16&quot; height=&quot;16&quot; normalimage=&quot;file='Icon/unchecked.png' &quot; selectedimage=&quot;file='Icon/checked.png' &quot;" >
                        <Option text="扩展单选框" width="100" group="RadioBoxTest" />
                      </TreeNode>
                      <Option text="扩展单选框" width="100" group="RadioBoxTest" />
                    </TreeNode>
                    <CheckBox text="扩展复选框" width="100" />
                  </TreeNode>
                  <CheckBox text="扩展复选框" width="100" />
                </TreeNode>
              </TreeView>
            </VerticalLayout>
          </HorizontalLayout>
          <Label height="1" bkimage="hor_line.bmp"/>

        </VerticalLayout>
        <VerticalLayout name="ex_tab_panel" inset="2,2,2,2" vscrollbar="true">
          <Label height="1" bkimage="hor_line.bmp"/>
          <HorizontalLayout height="220">
            <Label text="颜色控件" textcolor="#FF555555" glowsize="0" font="font13" width="80"/>
            <ColorPalette name="Pallet" width="506" height="220" palletheight="200" barheight="14" padding="0,0,0,0" thumbimage="cursor.png" />
          </HorizontalLayout>

          <Label height="1" bkimage="hor_line.bmp"/>
          <HorizontalLayout height="200">
            <Label text="图表控件" textcolor="#FF555555" glowsize="0" font="font13" width="80"/>
            <VerticalLayout>
              <ChartView name="ChartView_Histpgram" padding="10,10,10,10" view="histpgram" shadowimage="file='Histogram_Shadow.png' corner='10,0,10,0'" shadowimageheight="8" pillarimage="file='Histogram_Pillar.png' corner='0,7,0,7'" pillarimagewidth="19" showhtml="true" />
              <ChartView name="ChartView_Pie" padding="10,10,10,10" view="pie" showhtml="true" />
            </VerticalLayout>
          </HorizontalLayout>
          <Label height="1" bkimage="hor_line.bmp"/>
          <HorizontalLayout height="180" bkcolor="#FFFFFFFF" inset="0,6,0,6">
            <Label text="ListEx控件" textcolor="#FF555555" glowsize="0" font="font13" width="80"/>
            <VerticalLayout bordersize="1" bordercolor="#FF666666" inset="2,2,2,2">
              <ListEx name="listex" vscrollbar="true" hscrollbar="true" style="list_style">
                <ListHeader height="24" menu="true">
                  <ListContainerHeaderItem text="" width="30" checkable="true" checkboxwidth="16" checkboxheight="16" checkboxnormalimage="file='icon/unchecked.png'" checkboxselectedimage="file='icon/checked.png'" hotimage="file='list_header_hot.png'" pushedimage="file='list_header_pushed.png'" sepimage="file='list_header_sep.png'" sepwidth="1"/>
                  <ListContainerHeaderItem text="姓名" width="160" hotimage="file='list_header_hot.png'" pushedimage="file='list_header_pushed.png'" sepimage="file='list_header_sep.png'" sepwidth="1"/>
                  <ListContainerHeaderItem text="学号" width="160" hotimage="file='list_header_hot.png'" pushedimage="file='list_header_pushed.png'" sepimage="file='list_header_sep.png'" sepwidth="1"/>
                  <ListContainerHeaderItem text="成绩" width="160" editable="true" hotimage="file='list_header_hot.png'" pushedimage="file='list_header_pushed.png'" sepimage="file='list_header_sep.png'" sepwidth="1"/>
                </ListHeader>
              </ListEx>
            </VerticalLayout>
          </HorizontalLayout>

        </VerticalLayout>
        
        <VerticalLayout name="ani_tab_panel" vscrollbar="true">
          <Label height="1" bkimage="hor_line.bmp"/>
          <HorizontalLayout height="160" inset="0,6,0,6" >
            <Label text="滚动文字" textcolor="#FF555555" glowsize="0" font="font13" width="80"/>
            <RollText name="rolltext" text="超过5000万人使用，适用于 Chrome 的免费的广告拦截器，可阻止所有烦人的广告及恶意软件和跟踪。"/>
          </HorizontalLayout>

          <Label height="1" bkimage="hor_line.bmp"/>
          <HorizontalLayout height="100" bkcolor="#FFFFFFFF" inset="0,6,0,6">
            <Label text="Gif控件" textcolor="#FF555555" glowsize="0" font="font13" width="80"/>
            <VerticalLayout bordersize="0" bordercolor="#FF666666" inset="2,2,2,2">
              <GifAnim name="ani_gif" bkimage="checking.gif" width="320"/>
            </VerticalLayout>
          </HorizontalLayout>

          <Label height="1" bkimage="hor_line.bmp"/>
          <HorizontalLayout height="200" bkcolor="#FFFFFFFF" inset="0,6,0,6">
            <Label text="Flash控件" textcolor="#FF555555" glowsize="0" font="font13" width="80"/>
            <VerticalLayout bordersize="0" bordercolor="#FF666666" inset="2,2,2,2" bkimage="res='water_bg.jpg' corner='0,360,480,0'">
              <ActiveX name="ani_flash" clsid="{D27CDB6E-AE6D-11CF-96B8-444553540000}" mouse="true"/>
            </VerticalLayout>
          </HorizontalLayout>

        </VerticalLayout>
        <VerticalLayout name="split_tab_panel" bkcolor="#FF000000">
          <VerticalLayout inset="0,0,0,6" sepimm="true" sepheight="6" height="200" minheight="200" maxheight="300">
            <WebBrowser name="oneclick_browser1" homepage="about:blank" autonavi="true" delaycreate="false" />
          </VerticalLayout>
          <WebBrowser name="oneclick_browser2" homepage="about:blank" autonavi="true" delaycreate="false"/>
        </VerticalLayout>
      </AnimationTabLayout>

    </VerticalLayout>

    <HorizontalLayout height="32">
    </HorizontalLayout>
  </VerticalLayout>
</Window>