<?xml version="1.0" encoding="utf-8"?>

<Window caption="0,0,0,97" size="600,384" mininfo="600,384" sizebox="6,6,6,6" layered="true" textrenderinghint="0">
  <Font name="宋体" size="12" default="true"/>
  
  <VerticalLayout bkimage="res='main/bg.png' corner='6,97,6,29' fade='180'">
    <HorizontalLayout name="appbar" height="64" inset="0,-1">
      <HorizontalLayout name="apptitle" childpadding="6" inset="0,3,0,0">
        <Container padding="2,3,0,0" width="64" height="64" bkimage="logo.jpg" />
        <VerticalLayout>
          <Button name="homepage_btn" text="透明窗口演示 v1.0" width="180" align="vcenter" align="left" textcolor="#FF333333" hottextcolor="#FF0000FF" font="1" tooltip="官网"/>
          <Label text="duilib开源项目圈（261675375）- By Troy(QQ：656067418)" align="left" textcolor="#FFFF0000"/>
        </VerticalLayout>
      </HorizontalLayout>

      <Button name="minbtn" width="28" height="20" tooltip="最小化" normalimage="file='sysbtn/btn_mini_normal.png'" hotimage="file='sysbtn/btn_mini_highlight.png'" pushedimage="file='sysbtn/btn_mini_down.png' "/>
      <Button name="closebtn" width="39" height="20" tooltip="关闭" normalimage="file='sysbtn/btn_close_normal.png'" hotimage="file='sysbtn/btn_close_highlight.png'" pushedimage="file='sysbtn/btn_close_down.png' "/>
    </HorizontalLayout>
    <VerticalLayout >
      <Control />
      <HorizontalLayout height="24" childpadding="12">
        <Edit name="edit1" tipvalue="普通" style="edit_style" />
        <Edit name="edit2" tipvalue="只读" text="只读控件" style="edit_style" readonly="true"/>
        <Edit name="edit3" tipvalue="数字" style="edit_style" numberonly="true"/>
        <Edit name="edit4" tipvalue="密码" style="edit_style" password="true"/>

      </HorizontalLayout>
      <Control />
    </VerticalLayout>
  </VerticalLayout>
</Window>