<?xml version="1.0" encoding="utf-8" standalone="yes" ?>

<Window  caption="0,0,0,28"  size="2000,500" mininfo="874,410" sizebox="6,6,6,6"    showshadow="true" shadowimage="main/shadow.png" shadowsize="6" shadowcorner="8,8,8,8">
  <Font name="微软雅黑" id = "0" size="12" default="true"/>
  <Font name="微软雅黑" id ="1" size="12" />
  <Font name="微软雅黑" id ="2" size="14" />
  <Font name="微软雅黑" id ="3" size="16" />
  <Font id="4" name="微软雅黑" size="16" bold="false" italic = "true" shared="true"/>
  <Font id="5" name="微软雅黑" size="18" bold="false" shared="true"/>
  
  <VerticalLayout  name="root" colorhsl="true" bkcolor="#ffffffff">
	  	
    	<VerticalLayout  vscrollbar="false">
	   	<VerticalLayout  bkcolor="#FFFFFFFF" >
		     <HorizontalLayout name="tlayout" padding="30">
		  	
		    </HorizontalLayout>
	    </VerticalLayout>
          	
    </VerticalLayout>
 
  </VerticalLayout>
</Window>